ID,사용 부위,왼손,오른손,머리,골반,판정 부위 수
S001,왼손,1,X,X,X,1
S002,왼손,9,X,X,X,1
S003,왼손,7,X,X,X,1
S004,왼손,6,X,X,X,1
S005,왼손,1,X,X,X,1
S006,왼손,9,X,X,X,1
S007,왼손,7,X,X,X,1
S008,왼손,6,X,X,X,1
S009,왼손,1,X,X,X,1
S010,왼손,9,X,X,X,1
S011,왼손,7,X,X,X,1
S012,왼손,6,X,X,X,1
S013,왼손,1,X,X,X,1
S014,왼손,9,X,X,X,1
S015,왼손,7,X,X,X,1
S016,오른손,X,3,X,X,1
S017,오른손,X,11,X,X,1
S018,오른손,X,7,X,X,1
S019,오른손,X,8,X,X,1
S020,오른손,X,3,X,X,1
S021,오른손,X,11,X,X,1
S022,오른손,X,7,X,X,1
S023,오른손,X,8,X,X,1
S024,오른손,X,3,X,X,1
S025,오른손,X,11,X,X,1
S026,오른손,X,7,X,X,1
S027,오른손,X,8,X,X,1
S028,오른손,X,3,X,X,1
S029,오른손,X,11,X,X,1
S030,오른손,X,7,X,X,1
S031,머리,X,X,4,X,1
S032,머리,X,X,4,X,1
S033,머리,X,X,5,X,1
S034,머리,X,X,4,X,1
S035,머리,X,X,4,X,1
S036,머리,X,X,4,X,1
S037,머리,X,X,5,X,1
S038,머리,X,X,4,X,1
S039,머리,X,X,4,X,1
S040,머리,X,X,4,X,1
S041,머리,X,X,5,X,1
S042,머리,X,X,4,X,1
S043,머리,X,X,4,X,1
S044,머리,X,X,4,X,1
S045,머리,X,X,5,X,1
S046,골반,X,X,X,9,1
S047,골반,X,X,X,10,1
S048,골반,X,X,X,11,1
S049,골반,X,X,X,7,1
S050,골반,X,X,X,9,1
S051,골반,X,X,X,10,1
S052,골반,X,X,X,11,1
S053,골반,X,X,X,7,1
S054,골반,X,X,X,9,1
S055,골반,X,X,X,10,1
S056,골반,X,X,X,11,1
S057,골반,X,X,X,7,1
S058,골반,X,X,X,9,1
S059,골반,X,X,X,10,1
S060,골반,X,X,X,11,1
D001,왼손 + 오른손,1,3,X,X,2
D002,왼손 + 오른손,1,11,X,X,2
D003,왼손 + 오른손,9,3,X,X,2
D004,왼손 + 오른손,9,11,X,X,2
D005,왼손 + 오른손,7,3,X,X,2
D006,왼손 + 오른손,7,11,X,X,2
D007,왼손 + 오른손,6,3,X,X,2
D008,왼손 + 오른손,6,11,X,X,2
D009,왼손 + 오른손,1,8,X,X,2
D010,왼손 + 오른손,9,8,X,X,2
D011,왼손 + 오른손,7,8,X,X,2
D012,왼손 + 오른손,6,7,X,X,2
D013,왼손 + 오른손,1,7,X,X,2
D014,왼손 + 오른손,9,7,X,X,2
D015,왼손 + 오른손,6,8,X,X,2
D016,왼손 + 머리,1,X,4,X,2
D017,왼손 + 머리,1,X,4,X,2
D018,왼손 + 머리,1,X,5,X,2
D019,왼손 + 머리,1,X,4,X,2
D020,왼손 + 머리,9,X,4,X,2
D021,왼손 + 머리,9,X,4,X,2
D022,왼손 + 머리,9,X,5,X,2
D023,왼손 + 머리,9,X,4,X,2
D024,왼손 + 머리,7,X,4,X,2
D025,왼손 + 머리,7,X,4,X,2
D026,왼손 + 머리,7,X,5,X,2
D027,왼손 + 머리,7,X,4,X,2
D028,왼손 + 머리,6,X,4,X,2
D029,왼손 + 머리,6,X,4,X,2
D030,왼손 + 머리,6,X,5,X,2
D031,오른손 + 머리,X,3,4,X,2
D032,오른손 + 머리,X,3,4,X,2
D033,오른손 + 머리,X,3,5,X,2
D034,오른손 + 머리,X,3,4,X,2
D035,오른손 + 머리,X,11,4,X,2
D036,오른손 + 머리,X,11,4,X,2
D037,오른손 + 머리,X,11,5,X,2
D038,오른손 + 머리,X,11,4,X,2
D039,오른손 + 머리,X,7,4,X,2
D040,오른손 + 머리,X,7,4,X,2
D041,오른손 + 머리,X,7,5,X,2
D042,오른손 + 머리,X,7,4,X,2
D043,오른손 + 머리,X,8,4,X,2
D044,오른손 + 머리,X,8,4,X,2
D045,오른손 + 머리,X,8,5,X,2
D046,왼손 + 골반,4,X,X,9,2
D047,왼손 + 골반,4,X,X,10,2
D048,왼손 + 골반,4,X,X,11,2
D049,왼손 + 골반,9,X,X,9,2
D050,왼손 + 골반,9,X,X,10,2
D051,오른손 + 골반,X,5,X,9,2
D052,오른손 + 골반,X,5,X,10,2
D053,오른손 + 골반,X,5,X,11,2
D054,오른손 + 골반,X,11,X,9,2
D055,오른손 + 골반,X,11,X,10,2
D056,머리 + 골반,X,X,4,9,2
D057,머리 + 골반,X,X,4,10,2
D058,머리 + 골반,X,X,4,11,2
D059,머리 + 골반,X,X,4,9,2
D060,머리 + 골반,X,X,4,10,2
T001,왼손 + 오른손 + 머리,1,3,4,X,3
T002,왼손 + 오른손 + 머리,1,11,4,X,3
T003,왼손 + 오른손 + 머리,9,3,4,X,3
T004,왼손 + 오른손 + 머리,9,11,4,X,3
T005,왼손 + 오른손 + 머리,7,3,4,X,3
T006,왼손 + 오른손 + 머리,7,11,4,X,3
T007,왼손 + 오른손 + 머리,6,3,4,X,3
T008,왼손 + 오른손 + 머리,6,11,4,X,3
T009,왼손 + 오른손 + 머리,1,3,5,X,3
T010,왼손 + 오른손 + 머리,1,11,5,X,3
T011,왼손 + 오른손 + 머리,9,3,4,X,3
T012,왼손 + 오른손 + 머리,9,11,4,X,3
T013,왼손 + 오른손 + 머리,7,3,5,X,3
T014,왼손 + 오른손 + 머리,7,11,5,X,3
T015,왼손 + 오른손 + 머리,6,8,4,X,3
T016,왼손 + 오른손 + 머리,1,7,4,X,3
T017,왼손 + 오른손 + 머리,9,7,5,X,3
T018,왼손 + 오른손 + 머리,7,8,4,X,3
T019,왼손 + 오른손 + 머리,6,3,4,X,3
T020,왼손 + 오른손 + 머리,6,11,4,X,3
T021,왼손 + 머리 + 골반,4,X,4,9,3
T022,왼손 + 머리 + 골반,4,X,4,11,3
T023,왼손 + 머리 + 골반,9,X,4,9,3
T024,왼손 + 머리 + 골반,9,X,4,11,3
T025,왼손 + 머리 + 골반,7,X,4,9,3
T026,왼손 + 머리 + 골반,7,X,4,11,3
T027,왼손 + 머리 + 골반,6,X,5,9,3
T028,왼손 + 머리 + 골반,6,X,5,11,3
T029,왼손 + 머리 + 골반,4,X,4,10,3
T030,왼손 + 머리 + 골반,9,X,4,10,3
T031,오른손 + 머리 + 골반,X,5,4,9,3
T032,오른손 + 머리 + 골반,X,5,4,11,3
T033,오른손 + 머리 + 골반,X,11,4,9,3
T034,오른손 + 머리 + 골반,X,11,4,11,3
T035,오른손 + 머리 + 골반,X,7,4,9,3
T036,오른손 + 머리 + 골반,X,7,4,11,3
T037,오른손 + 머리 + 골반,X,8,5,9,3
T038,오른손 + 머리 + 골반,X,8,5,11,3
T039,오른손 + 머리 + 골반,X,5,4,10,3
T040,오른손 + 머리 + 골반,X,11,4,10,3
D061,왼손 + 오른손,2,2,X,X,2
D062,왼손 + 오른손,7,7,X,X,2
D063,왼손 + 오른손,10,10,X,X,2
D064,왼손 + 오른손,4,7,X,X,2
D065,왼손 + 오른손,6,2,X,X,2
D066,왼손 + 오른손,2,8,X,X,2
D067,왼손 + 오른손,4,2,X,X,2
D068,왼손 + 오른손,2,7,X,X,2
D069,왼손 + 오른손,4,8,X,X,2
D070,왼손 + 오른손,10,8,X,X,2
D071,왼손 + 오른손,6,10,X,X,2
D072,왼손 + 오른손,4,3,X,X,2
D073,왼손 + 오른손,1,10,X,X,2
D074,왼손 + 오른손,10,3,X,X,2
D075,왼손 + 오른손,4,11,X,X,2
D076,왼손 + 골반,2,X,X,6,2
D077,왼손 + 골반,2,X,X,8,2
D078,왼손 + 골반,4,X,X,10,2
D079,왼손 + 골반,2,X,X,7,2
D080,왼손 + 골반,4,X,X,9,2
D081,왼손 + 골반,4,X,X,6,2
D082,왼손 + 골반,4,X,X,8,2
D083,왼손 + 골반,4,X,X,10,2
D084,왼손 + 골반,4,X,X,7,2
D085,왼손 + 골반,4,X,X,9,2
D086,왼손 + 골반,10,X,X,6,2
D087,왼손 + 골반,10,X,X,8,2
D088,오른손 + 골반,X,2,X,6,2
D089,오른손 + 골반,X,2,X,8,2
D090,오른손 + 골반,X,5,X,10,2
D091,오른손 + 골반,X,2,X,7,2
D092,오른손 + 골반,X,5,X,9,2
D093,오른손 + 골반,X,10,X,6,2
D094,오른손 + 골반,X,10,X,8,2
D095,머리 + 골반,X,X,4,6,2
D096,머리 + 골반,X,X,4,8,2
D097,머리 + 골반,X,X,4,7,2
D098,머리 + 골반,X,X,4,6,2
D099,머리 + 골반,X,X,4,8,2
D100,머리 + 골반,X,X,4,7,2
T041,왼손 + 오른손 + 골반,2,2,X,7,3
T042,왼손 + 오른손 + 골반,4,5,X,10,3
T043,왼손 + 오른손 + 골반,4,5,X,9,3
T044,왼손 + 오른손 + 골반,2,2,X,6,3
T045,왼손 + 오른손 + 골반,2,2,X,8,3
T046,왼손 + 오른손 + 골반,7,7,X,7,3
T047,왼손 + 오른손 + 골반,7,7,X,10,3
T048,왼손 + 오른손 + 골반,7,7,X,9,3
T049,왼손 + 오른손 + 골반,7,7,X,6,3
T050,왼손 + 오른손 + 골반,7,7,X,8,3
T051,왼손 + 오른손 + 골반,10,10,X,7,3
T052,왼손 + 오른손 + 골반,10,10,X,10,3
T053,왼손 + 오른손 + 골반,10,10,X,9,3
T054,왼손 + 오른손 + 골반,10,10,X,6,3
T055,왼손 + 오른손 + 골반,10,10,X,8,3
T056,왼손 + 오른손 + 골반,4,7,X,7,3
T057,왼손 + 오른손 + 골반,4,7,X,10,3
T058,왼손 + 오른손 + 골반,4,7,X,9,3
T059,왼손 + 오른손 + 골반,4,7,X,6,3
T060,왼손 + 오른손 + 골반,4,7,X,8,3
T061,왼손 + 오른손 + 골반,1,3,X,7,3
T062,왼손 + 오른손 + 골반,4,5,X,10,3
T063,왼손 + 오른손 + 골반,4,5,X,9,3
T064,왼손 + 오른손 + 골반,1,3,X,6,3
T065,왼손 + 오른손 + 골반,1,3,X,8,3
T066,왼손 + 오른손 + 골반,6,8,X,7,3
T067,왼손 + 오른손 + 골반,6,8,X,10,3
T068,왼손 + 오른손 + 골반,6,8,X,9,3
T069,왼손 + 오른손 + 골반,6,8,X,6,3
T070,왼손 + 오른손 + 골반,6,8,X,8,3
T071,왼손 + 오른손 + 골반,9,11,X,7,3
T072,왼손 + 오른손 + 골반,9,11,X,10,3
T073,왼손 + 오른손 + 골반,9,11,X,9,3
T074,왼손 + 오른손 + 골반,9,11,X,6,3
T075,왼손 + 오른손 + 골반,9,11,X,8,3
T076,왼손 + 오른손 + 골반,1,11,X,7,3
T077,왼손 + 오른손 + 골반,4,11,X,10,3
T078,왼손 + 오른손 + 골반,4,11,X,9,3
T079,왼손 + 오른손 + 골반,1,11,X,6,3
T080,왼손 + 오른손 + 골반,1,11,X,8,3
T081,왼손 + 오른손 + 머리,2,2,4,X,3
T082,왼손 + 오른손 + 머리,2,2,4,X,3
T083,왼손 + 오른손 + 머리,2,2,4,X,3
T084,왼손 + 오른손 + 머리,2,2,5,X,3
T085,왼손 + 오른손 + 머리,7,7,4,X,3
T086,왼손 + 오른손 + 머리,7,7,4,X,3
T087,왼손 + 오른손 + 머리,7,7,4,X,3
T088,왼손 + 오른손 + 머리,7,7,5,X,3
T089,왼손 + 오른손 + 머리,10,10,4,X,3
T090,왼손 + 오른손 + 머리,10,10,4,X,3
T091,왼손 + 머리 + 골반,2,X,4,6,3
T092,왼손 + 머리 + 골반,2,X,4,8,3
T093,왼손 + 머리 + 골반,4,X,4,10,3
T094,왼손 + 머리 + 골반,2,X,4,7,3
T095,왼손 + 머리 + 골반,4,X,4,9,3
T096,오른손 + 머리 + 골반,X,2,4,6,3
T097,오른손 + 머리 + 골반,X,2,4,8,3
T098,오른손 + 머리 + 골반,X,5,4,10,3
T099,오른손 + 머리 + 골반,X,2,4,7,3
T100,오른손 + 머리 + 골반,X,5,4,9,3
Q001,전신 (두 손 모아 하늘 + 바른자세 정면),2,2,4,7,4
Q002,전신 (두 손 모아 하늘 + 안정자세 가슴집중),2,2,4,7,4
Q003,전신 (두 손 모아 하늘 + 기마/스쿼트 만세),4,5,4,10,4
Q004,전신 (두 손 모아 하늘 + 스쿼트 하체다운),4,5,4,10,4
Q005,전신 (두 손 모아 하늘 + 좌측 체중이동/런지),4,5,4,9,4
Q006,전신 (두 손 모아 하늘 + 우측 체중이동/골반회전),2,2,5,8,4
Q007,전신 (두 손 모아 하늘 + 좌측 몸통비틀기),2,2,4,6,4
Q008,전신 (두 손 모아 하늘 + 상체 좌측기울임),2,2,4,7,4
Q009,전신 (두 손 모아 하늘 + 상체 우측기울임),2,2,5,7,4
Q010,전신 (두 손 모아 하늘 + 좌측 런지 상체신전),4,5,4,9,4
Q011,전신 (두 손 모아 하늘 + 우측 골반신전 상체신전),2,2,4,8,4
Q012,전신 (두 손 모아 하늘 + 좌측 중심낮춤),4,5,4,9,4
Q013,전신 (두 손 모아 하늘 + 좌측 골반낮춤 트위스트),2,2,4,6,4
Q014,전신 (두 손 모아 하늘 + 우측 골반낮춤 트위스트),2,2,4,8,4
Q015,전신 (두 손 모아 가슴/복부 + 바른자세 정면),7,7,4,7,4
Q016,전신 (두 손 모아 가슴/복부 + 안정자세 가슴집중),7,7,4,7,4
Q017,전신 (두 손 모아 가슴/복부 + 기마/스쿼트 만세),7,7,4,10,4
Q018,전신 (두 손 모아 가슴/복부 + 스쿼트 하체다운),7,7,4,10,4
Q019,전신 (두 손 모아 가슴/복부 + 좌측 체중이동/런지),7,7,4,9,4
Q020,전신 (두 손 모아 가슴/복부 + 우측 체중이동/골반회전),7,7,5,8,4
Q021,전신 (두 손 모아 가슴/복부 + 좌측 몸통비틀기),7,7,4,6,4
Q022,전신 (두 손 모아 가슴/복부 + 상체 좌측기울임),7,7,4,7,4
Q023,전신 (두 손 모아 가슴/복부 + 상체 우측기울임),7,7,5,7,4
Q024,전신 (두 손 모아 가슴/복부 + 좌측 런지 상체신전),7,7,4,9,4
Q025,전신 (두 손 모아 가슴/복부 + 우측 골반신전 상체신전),7,7,4,8,4
Q026,전신 (두 손 모아 가슴/복부 + 좌측 중심낮춤),7,7,4,9,4
Q027,전신 (두 손 모아 가슴/복부 + 좌측 골반낮춤 트위스트),7,7,4,6,4
Q028,전신 (두 손 모아 가슴/복부 + 우측 골반낮춤 트위스트),7,7,4,8,4
Q029,전신 (두 손 모아 하단 + 바른자세 정면),10,10,4,7,4
Q030,전신 (두 손 모아 하단 + 안정자세 가슴집중),10,10,4,7,4
Q031,전신 (두 손 모아 하단 + 기마/스쿼트 만세),10,10,4,10,4
Q032,전신 (두 손 모아 하단 + 스쿼트 하체다운),10,10,4,10,4
Q033,전신 (두 손 모아 하단 + 좌측 체중이동/런지),10,10,4,9,4
Q034,전신 (두 손 모아 하단 + 우측 체중이동/골반회전),10,10,5,8,4
Q035,전신 (두 손 모아 하단 + 좌측 몸통비틀기),10,10,4,6,4
Q036,전신 (두 손 모아 하단 + 상체 좌측기울임),10,10,4,7,4
Q037,전신 (두 손 모아 하단 + 상체 우측기울임),10,10,5,7,4
Q038,전신 (두 손 모아 하단 + 좌측 런지 상체신전),10,10,4,9,4
Q039,전신 (두 손 모아 하단 + 우측 골반신전 상체신전),10,10,4,8,4
Q040,전신 (두 손 모아 하단 + 좌측 중심낮춤),10,10,4,9,4
Q041,전신 (두 손 모아 하단 + 좌측 골반낮춤 트위스트),10,10,4,6,4
Q042,전신 (두 손 모아 하단 + 우측 골반낮춤 트위스트),10,10,4,8,4
Q043,전신 (가슴 앞 손 모으기 + 바른자세 정면),4,7,4,7,4
Q044,전신 (가슴 앞 손 모으기 + 안정자세 가슴집중),4,7,4,7,4
Q045,전신 (가슴 앞 손 모으기 + 기마/스쿼트 만세),4,7,4,10,4
Q046,전신 (가슴 앞 손 모으기 + 스쿼트 하체다운),4,7,4,10,4
Q047,전신 (가슴 앞 손 모으기 + 좌측 체중이동/런지),4,7,4,9,4
Q048,전신 (가슴 앞 손 모으기 + 우측 체중이동/골반회전),4,7,5,8,4
Q049,전신 (가슴 앞 손 모으기 + 좌측 몸통비틀기),4,7,4,6,4
Q050,전신 (가슴 앞 손 모으기 + 상체 좌측기울임),4,7,4,7,4
Q051,전신 (가슴 앞 손 모으기 + 상체 우측기울임),4,7,5,7,4
Q052,전신 (가슴 앞 손 모으기 + 좌측 런지 상체신전),4,7,4,9,4
Q053,전신 (가슴 앞 손 모으기 + 우측 골반신전 상체신전),4,7,4,8,4
Q054,전신 (가슴 앞 손 모으기 + 좌측 중심낮춤),4,7,4,9,4
Q055,전신 (가슴 앞 손 모으기 + 좌측 골반낮춤 트위스트),4,7,4,6,4
Q056,전신 (가슴 앞 손 모으기 + 우측 골반낮춤 트위스트),4,7,4,8,4
Q057,전신 (만세 V자 벌림 + 바른자세 정면),1,3,4,7,4
Q058,전신 (만세 V자 벌림 + 안정자세 가슴집중),1,3,4,7,4
Q059,전신 (만세 V자 벌림 + 기마/스쿼트 만세),4,5,4,10,4
Q060,전신 (만세 V자 벌림 + 스쿼트 하체다운),4,5,4,10,4
Q061,전신 (만세 V자 벌림 + 좌측 체중이동/런지),4,5,4,9,4
Q062,전신 (만세 V자 벌림 + 우측 체중이동/골반회전),1,3,5,8,4
Q063,전신 (만세 V자 벌림 + 좌측 몸통비틀기),1,3,4,6,4
Q064,전신 (만세 V자 벌림 + 상체 좌측기울임),1,3,4,7,4
Q065,전신 (만세 V자 벌림 + 상체 우측기울임),1,3,5,7,4
Q066,전신 (만세 V자 벌림 + 좌측 런지 상체신전),4,5,4,9,4
Q067,전신 (만세 V자 벌림 + 우측 골반신전 상체신전),1,3,4,8,4
Q068,전신 (만세 V자 벌림 + 좌측 중심낮춤),4,5,4,9,4
Q069,전신 (만세 V자 벌림 + 좌측 골반낮춤 트위스트),1,3,4,6,4
Q070,전신 (만세 V자 벌림 + 우측 골반낮춤 트위스트),1,3,4,8,4
Q071,전신 (양팔 수평 벌림 + 바른자세 정면),6,8,4,7,4
Q072,전신 (양팔 수평 벌림 + 안정자세 가슴집중),6,8,4,7,4
Q073,전신 (양팔 수평 벌림 + 기마/스쿼트 만세),6,8,4,10,4
Q074,전신 (양팔 수평 벌림 + 스쿼트 하체다운),6,8,4,10,4
Q075,전신 (양팔 수평 벌림 + 좌측 체중이동/런지),6,8,4,9,4
Q076,전신 (양팔 수평 벌림 + 우측 체중이동/골반회전),6,8,5,8,4
Q077,전신 (양팔 수평 벌림 + 좌측 몸통비틀기),6,8,4,6,4
Q078,전신 (양팔 수평 벌림 + 상체 좌측기울임),6,8,4,7,4
Q079,전신 (양팔 수평 벌림 + 상체 우측기울임),6,8,5,7,4
Q080,전신 (양팔 수평 벌림 + 좌측 런지 상체신전),6,8,4,9,4
Q081,전신 (양팔 수평 벌림 + 우측 골반신전 상체신전),6,8,4,8,4
Q082,전신 (양팔 수평 벌림 + 좌측 중심낮춤),6,8,4,9,4
Q083,전신 (양팔 수평 벌림 + 좌측 골반낮춤 트위스트),6,8,4,6,4
Q084,전신 (양팔 수평 벌림 + 우측 골반낮춤 트위스트),6,8,4,8,4
Q085,전신 (양팔 하단 벌림 + 바른자세 정면),9,11,4,7,4
Q086,전신 (양팔 하단 벌림 + 안정자세 가슴집중),9,11,4,7,4
Q087,전신 (양팔 하단 벌림 + 기마/스쿼트 만세),9,11,4,10,4
Q088,전신 (양팔 하단 벌림 + 스쿼트 하체다운),9,11,4,10,4
Q089,전신 (양팔 하단 벌림 + 좌측 체중이동/런지),9,11,4,9,4
Q090,전신 (양팔 하단 벌림 + 우측 체중이동/골반회전),9,11,5,8,4
Q091,전신 (양팔 하단 벌림 + 좌측 몸통비틀기),9,11,4,6,4
Q092,전신 (양팔 하단 벌림 + 상체 좌측기울임),9,11,4,7,4
Q093,전신 (양팔 하단 벌림 + 상체 우측기울임),9,11,5,7,4
Q094,전신 (양팔 하단 벌림 + 좌측 런지 상체신전),9,11,4,9,4
Q095,전신 (양팔 하단 벌림 + 우측 골반신전 상체신전),9,11,4,8,4
Q096,전신 (양팔 하단 벌림 + 좌측 중심낮춤),9,11,4,9,4
Q097,전신 (양팔 하단 벌림 + 좌측 골반낮춤 트위스트),9,11,4,6,4
Q098,전신 (양팔 하단 벌림 + 우측 골반낮춤 트위스트),9,11,4,8,4
Q099,전신 (대각선 좌상-우하 + 바른자세 정면),1,11,4,7,4
Q100,전신 (대각선 좌상-우하 + 안정자세 가슴집중),1,11,4,7,4
