Level,SubLevel,LevelTitle,SubLevelTitle,QuestionTemplate,AnswerEval,WrongEval,VarA,VarB,VarC,VarD,ShapeCode
"1","1","덧뺄셈","한자리","{A} + {B} = ?","A+B","A+B+pick(-2,-1,1,2)","rand(1,9)","rand(1,9)","0","0",""
"1","1","덧뺄셈","한자리","{A} - {B} = ?","A-B","A-B+pick(-1,1,2)","rand(4,9)","rand(1,3)","0","0",""
"1","1","덧뺄셈","한자리","{A} + {B}","A+B","A+B+pick(-2,-1,1,2)","rand(1,9)","rand(1,9)","0","0",""
"1","1","덧뺄셈","한자리","{A} - {B}","A-B","A-B+pick(-1,1,2)","rand(4,9)","rand(1,3)","0","0",""
"1","2","덧뺄셈","두자리","{A} + {B} = ?","A+B","A+B+pick(-10,10,20)","rand(12,49)","rand(11,48)","0","0",""
"1","2","덧뺄셈","두자리","{A} - {B} = ?","A-B","A-B+pick(-10,10,20)","rand(45,99)","rand(11,35)","0","0",""
"1","3","덧뺄셈","혼합 1","{A} + {B} - {C} = ?","A+B-C","A+B-C+pick(-1,1,2)","rand(5,9)","rand(2,6)","rand(1,4)","0",""
"1","3","덧뺄셈","혼합 1","{A} - {B} + {C} = ?","A-B+C","A-B+C+pick(-1,1,2)","rand(6,9)","rand(1,4)","rand(2,5)","0",""
"1","3","덧뺄셈","혼합 1","{A} + {B} + {C} = ?","A+B+C","A+B+C+pick(-1,1,2)","rand(2,5)","rand(2,5)","rand(2,5)","0",""
"1","3","덧뺄셈","혼합 1","{A} - {B} - {C} = ?","A-B-C","A-B-C+pick(-1,1,2)","rand(7,9)","rand(1,3)","rand(1,3)","0",""
"1","4","덧뺄셈","혼합 2","{A} + {B} - {C} = ?","A+B-C","A+B-C+pick(-10,10,20)","rand(50,150)","rand(20,80)","rand(10,50)","0",""
"1","4","덧뺄셈","혼합 2","{A} - {B} + {C} = ?","A-B+C","A-B+C+pick(-10,10,20)","rand(80,180)","rand(20,70)","rand(20,60)","0",""
"1","4","덧뺄셈","혼합 2","{A} + {B} + {C} = ?","A+B+C","A+B+C+pick(-10,10,20)","rand(30,80)","rand(20,60)","rand(10,50)","0",""
"1","4","덧뺄셈","혼합 2","{A} - {B} - {C} = ?","A-B-C","A-B-C+pick(-10,10,20)","rand(120,200)","rand(30,60)","rand(20,40)","0",""
"1","5","덧뺄셈","크기비교","{A} + {B}  [ ? ]  {C} + {D}","(A+B)>(C+D)?'>':((A+B)<(C+D)?'<':'=')","(A+B)>(C+D)?'<':'>'","rand(2,9)","rand(1,9)","rand(2,9)","rand(1,9)",""
"1","5","덧뺄셈","크기비교","{A} - {B}  [ ? ]  {C} - {D}","(A-B)>(C-D)?'>':((A-B)<(C-D)?'<':'=')","(A-B)>(C-D)?'<':'>'","rand(6,9)","rand(1,3)","rand(6,9)","rand(1,3)",""
"1","5","덧뺄셈","크기비교","{A} + {B}  [ ? ]  {C} - {D}","(A+B)>(C-D)?'>':((A+B)<(C-D)?'<':'=')","(A+B)>(C-D)?'<':'>'","rand(2,6)","rand(1,5)","rand(7,9)","rand(1,3)",""
"1","5","덧뺄셈","크기비교","{A} - {B}  [ ? ]  {C} + {D}","(A-B)>(C+D)?'>':((A-B)<(C+D)?'<':'=')","(A-B)>(C+D)?'<':'>'","rand(7,9)","rand(1,3)","rand(2,5)","rand(1,4)",""
"1","5","덧뺄셈","크기비교","{A} + {B}  [ ? ]  {C} + {D} (등호확인)","(A+B)===(C+D)?'=':'≠'","(A+B)===(C+D)?'≠':'='","rand(3,8)","rand(2,6)","A+pick(-1,0,1)","B+pick(-1,0,1)",""
"1","5","덧뺄셈","크기비교","{A} + {B}  [ ? ]  {C}","(A+B)>C?'>':((A+B)<C?'<':'=')","(A+B)>C?'<':'>'","rand(2,9)","rand(1,9)","rand(5,15)","0",""
"1","5","덧뺄셈","크기비교","{A} - {B}  [ ? ]  {C}","(A-B)>C?'>':((A-B)<C?'<':'=')","(A-B)>C?'<':'>'","rand(8,15)","rand(2,6)","rand(3,9)","0",""
"1","5","덧뺄셈","크기비교","{A}  [ ? ]  {B} + {C}","A>(B+C)?'>':(A<(B+C)?'<':'=')","A>(B+C)?'<':'>'","rand(5,15)","rand(2,9)","rand(1,9)","0",""
"1","5","덧뺄셈","크기비교","{A}  [ ? ]  {B} - {C}","A>(B-C)?'>':(A<(B-C)?'<':'=')","A>(B-C)?'<':'>'","rand(3,9)","rand(8,15)","rand(2,6)","0",""
"1","5","덧뺄셈","크기비교","{A} - {B}  [ ? ]  {C} - {D} (등호확인)","(A-B)===(C-D)?'=':'≠'","(A-B)===(C-D)?'≠':'='","rand(10,18)","rand(2,6)","A+pick(-2,0,2)","B+pick(-2,0,2)",""
"1","6","덧뺄셈","복합비교","{A} + {B}  [ ? ]  {C} - {D}","(A+B)>(C-D)?'>':((A+B)<(C-D)?'<':'=')","(A+B)>(C-D)?'<':'>'","rand(30,70)","rand(10,40)","rand(80,130)","rand(10,30)",""
"1","6","덧뺄셈","복합비교","{A} - {B}  [ ? ]  {C} + {D}","(A-B)>(C+D)?'>':((A-B)<(C+D)?'<':'=')","(A-B)>(C+D)?'<':'>'","rand(80,130)","rand(10,40)","rand(30,60)","rand(10,30)",""
"1","6","덧뺄셈","복합비교","{A} + {B}  [ ? ]  {C} + {D}","(A+B)>(C+D)?'>':((A+B)<(C+D)?'<':'=')","(A+B)>(C+D)?'<':'>'","rand(30,70)","rand(20,50)","rand(30,70)","rand(20,50)",""
"1","6","덧뺄셈","복합비교","{A} - {B}  [ ? ]  {C} - {D}","(A-B)>(C-D)?'>':((A-B)<(C-D)?'<':'=')","(A-B)>(C-D)?'<':'>'","rand(80,150)","rand(20,50)","rand(80,150)","rand(20,50)",""
"1","6","덧뺄셈","복합비교","{A} + {B} - {C}  [ ? ]  {D}","(A+B-C)>D?'>':((A+B-C)<D?'<':'=')","(A+B-C)>D?'<':'>'","rand(40,80)","rand(20,50)","rand(10,30)","rand(40,90)",""
"1","6","덧뺄셈","복합비교","{A} - {B} + {C}  [ ? ]  {D}","(A-B+C)>D?'>':((A-B+C)<D?'<':'=')","(A-B+C)>D?'<':'>'","rand(60,100)","rand(10,30)","rand(20,50)","rand(60,110)",""
"1","6","덧뺄셈","복합비교","{A} + {B}  [ ? ]  {C} + {D} (세자리 등호)","(A+B)===(C+D)?'=':'≠'","(A+B)===(C+D)?'≠':'='","rand(100,200)","rand(50,100)","A+pick(-10,0,10)","B+pick(-10,0,10)",""
"1","6","덧뺄셈","복합비교","{A} - {B}  [ ? ]  {C} - {D} (세자리 등호)","(A-B)===(C-D)?'=':'≠'","(A-B)===(C-D)?'≠':'='","rand(150,250)","rand(30,70)","A+pick(-20,0,20)","B+pick(-20,0,20)",""
"1","6","덧뺄셈","복합비교","{A} + {B} - 5  [ ? ]  {C} + {D}","(A+B-5)>(C+D)?'>':((A+B-5)<(C+D)?'<':'=')","(A+B-5)>(C+D)?'<':'>'","rand(40,80)","rand(20,40)","rand(30,70)","rand(20,40)",""
"1","6","덧뺄셈","복합비교","{A} - {B} + 10  [ ? ]  {C} - {D}","(A-B+10)>(C-D)?'>':((A-B+10)<(C-D)?'<':'=')","(A-B+10)>(C-D)?'<':'>'","rand(80,130)","rand(20,40)","rand(80,130)","rand(20,40)",""
"1","7","덧뺄셈","빈칸역산","[ ? ] + {B} = {C}","A","A+pick(-1,1,2)","rand(2,9)","rand(1,9)","A+B","0",""
"1","7","덧뺄셈","빈칸역산","{A} + [ ? ] = {C}","B","B+pick(-1,1,2)","rand(1,9)","rand(2,9)","A+B","0",""
"1","7","덧뺄셈","빈칸역산","[ ? ] - {B} = {C}","A","A+pick(-1,1,2)","rand(6,15)","rand(2,8)","A-B","0",""
"1","7","덧뺄셈","빈칸역산","{A} - [ ? ] = {C}","B","B+pick(-1,1,2)","rand(7,18)","rand(2,9)","A-B","0",""
"1","7","덧뺄셈","빈칸역산","[ ? ] + {B} = {C} (두자리)","A","A+pick(-10,10)","rand(15,45)","rand(15,45)","A+B","0",""
"1","7","덧뺄셈","빈칸역산","{A} - [ ? ] = {C} (두자리)","B","B+pick(-10,10)","rand(45,95)","rand(15,35)","A-B","0",""
"1","7","덧뺄셈","빈칸역산","[ ? ] + {B} - {C} = {D}","A","A+pick(-1,1,2)","rand(3,9)","rand(2,6)","rand(1,4)","A+B-C",""
"1","7","덧뺄셈","빈칸역산","{A} - [ ? ] + {C} = {D}","B","B+pick(-1,1,2)","rand(6,12)","rand(2,5)","rand(2,5)","A-B+C",""
"1","7","덧뺄셈","빈칸역산","{A} + {B} = [ ? ] + {C}","A+B-C","A+B-C+1","rand(4,9)","rand(4,9)","rand(2,5)","0",""
"1","7","덧뺄셈","빈칸역산","{A} - {B} = {C} - [ ? ]","C-(A-B)","C-(A-B)+1","rand(7,12)","rand(2,5)","rand(8,15)","0",""
"2","1","곱나눗셈","한자리","{A} × {B} = ?","A*B","A*B+pick(-A,A,1)","rand(2,9)","rand(2,9)","0","0",""
"2","1","곱나눗셈","한자리","{A} 곱하기 {B}는?","A*B","A*B+pick(-A,A,1)","rand(2,9)","rand(2,9)","0","0",""
"2","1","곱나눗셈","한자리","{A*B} ÷ {A} = ?","B","B+pick(-1,1,2)","rand(2,9)","rand(2,9)","0","0",""
"2","1","곱나눗셈","한자리","{repeatAdd(A, B)} = ?","A*B","A*B+A","rand(2,5)","rand(3,6)","0","0",""
"2","1","곱나눗셈","한자리","{repeatAdd(A, B)} 를 곱셈식으로 나타내면?","A+' × '+B","A+' + '+B","rand(2,6)","rand(3,6)","0","0",""
"2","1","곱나눗셈","한자리","{A}를 {B}번 더한 것을 곱셈식으로 쓰면?","A+' × '+B","A+' + '+B","rand(2,7)","rand(2,7)","0","0",""
"2","1","곱나눗셈","한자리","{repeatAdd(A, B)} = {A} × [ ? ]","B","B+1","rand(2,6)","rand(3,6)","0","0",""
"2","1","곱나눗셈","한자리","{A} × {B} 는 {A}를 몇 번 더한 것과 같을까?","B+'번'","(B+1)+'번'","rand(2,9)","rand(2,9)","0","0",""
"2","1","곱나눗셈","한자리","{A*B} 에서 {A}를 몇 번 빼면 0이 될까?","B+'번'","(B+1)+'번'","rand(2,8)","rand(2,7)","0","0",""
"2","1","곱나눗셈","한자리","{A*B} - {A}를 {B}번 연속해서 빼면 남는 수는?","'0'","String(A)","rand(2,8)","rand(2,6)","0","0",""
"2","1","곱나눗셈","한자리","{A*B} ÷ {A} 는 {A*B}에서 {A}를 몇 번 뺀 것과 같을까?","B+'번'","(B-1)+'번'","rand(2,7)","rand(3,7)","0","0",""
"2","1","곱나눗셈","한자리","{A*B} ÷ {A} = [ ? ] (동수누감: 뺀 횟수)","B","B+1","rand(2,8)","rand(2,8)","0","0",""
"2","1","곱나눗셈","한자리","{repeatAdd(A, B)} 의 계산 결과와 같은 곱셈식은?","A+' × '+B","(A+1)+' × '+B","rand(2,5)","rand(3,5)","0","0",""
"2","2","곱나눗셈","단위곱","{A} × 10 = ?","A*10","A*10+10","rand(2,99)","0","0","0",""
"2","2","곱나눗셈","단위곱","{A} × 100 = ?","A*100","A*100+100","rand(2,99)","0","0","0",""
"2","2","곱나눗셈","단위곱","{A} × 1000 = ?","A*1000","A*1000+1000","rand(2,99)","0","0","0",""
"2","2","곱나눗셈","단위곱","10 × {A} = ?","A*10","A*10+10","rand(2,99)","0","0","0",""
"2","2","곱나눗셈","단위곱","100 × {A} = ?","A*100","A*100+100","rand(2,99)","0","0","0",""
"2","2","곱나눗셈","단위곱","{A}0 ÷ 10 = ?","A","A+1","rand(2,99)","0","0","0",""
"2","2","곱나눗셈","단위곱","{A}00 ÷ 10 = ?","A*10","A*10+10","rand(2,99)","0","0","0",""
"2","2","곱나눗셈","단위곱","{A}00 ÷ 100 = ?","A","A+1","rand(2,99)","0","0","0",""
"2","2","곱나눗셈","단위곱","{A}000 ÷ 1000 = ?","A","A+1","rand(2,99)","0","0","0",""
"2","2","곱나눗셈","단위곱","{A} × {B} = ?","A*B","A*B+10","rand(12,85)","pick(10,100,1000)","0","0",""
"2","3","곱나눗셈","두자리","{A} × {B} = ?","A*B","A*B+pick(-B,B,10)","rand(12,89)","rand(3,9)","0","0",""
"2","3","곱나눗셈","두자리","{A*B} ÷ {B} = ?","A","A+pick(-2,2,5)","rand(12,89)","rand(3,9)","0","0",""
"2","4","곱나눗셈","호환수","25 × {B} = ?","25*B","25*B+25","0","pick(4,8,12,16,20,24,28,32,36,44,48,52,56,64,68,72)","0","0",""
"2","4","곱나눗셈","호환수","50 × {B} = ?","50*B","50*B+50","0","pick(2,4,6,8,12,14,16,18,22,24,26,28,32,34,36,38,42,44)","0","0",""
"2","4","곱나눗셈","호환수","125 × {B} = ?","125*B","125*B+125","0","pick(2,4,6,8,12,16,24,32,40,48,56,64,72,80)","0","0",""
"2","4","곱나눗셈","호환수","20 × {B} = ?","20*B","20*B+20","0","pick(5,15,25,35,45,55,65,75,85,95,12,14,16,18,22,24,26,28)","0","0",""
"2","4","곱나눗셈","호환수","75 × {B} = ?","75*B","75*B+50","0","pick(2,4,6,8,12,14,16,18,24,28,32,36,40,44)","0","0",""
"2","4","곱나눗셈","호환수","250 × {B} = ?","250*B","250*B+250","0","pick(2,4,6,8,12,14,16,18,24,28,32,36,40)","0","0",""
"2","4","곱나눗셈","호환수","500 × {B} = ?","500*B","500*B+500","0","pick(2,4,6,8,12,14,16,18,22,24,26,28,32,34,36)","0","0",""
"2","4","곱나눗셈","호환수","15 × {B} = ?","15*B","15*B+15","0","pick(2,4,6,8,12,14,16,18,22,24,26,28,32,34,36)","0","0",""
"2","4","곱나눗셈","호환수","35 × {B} = ?","35*B","35*B+35","0","pick(2,4,6,8,12,14,16,18,22,24,26,28)","0","0",""
"2","4","곱나눗셈","호환수","45 × {B} = ?","45*B","45*B+45","0","pick(2,4,6,8,12,14,16,18,22,24)","0","0",""
"2","4","곱나눗셈","호환수","25 × 4 × {B} = ?","100*B","100*B+100","0","rand(2,30)","0","0",""
"2","4","곱나눗셈","호환수","125 × 8 × {B} = ?","1000*B","1000*B+1000","0","rand(2,20)","0","0",""
"2","4","곱나눗셈","호환수","{A} × {B} = ?","A*B","A*B+50","pick(25,50,125,20,75,250)","pick(2,4,6,8,12,14,16,18,24)","0","0",""
"2","5","곱나눗셈","복합곱","{A} × {B} = ?","A*B","A*B+pick(-10,10,-20,20,2)","rand(12,45)","rand(11,35)","0","0",""
"2","5","곱나눗셈","복합곱","{A} × {B} = ?","A*B","A*B+pick(-10,10,20)","rand(15,35)","rand(12,25)","0","0",""
"3","1","분수","비교 1","{A}/{C} 와 {B}/{C} 중 큰 수는?","A>B? A+'/'+C : B+'/'+C","A<B? A+'/'+C : B+'/'+C","rand(1,5)","A+rand(1,4)","rand(11,18)","0",""
"3","1","분수","비교 1","{A}/{C} 와 {B}/{C} 중 작은 수는?","A<B? A+'/'+C : B+'/'+C","A>B? A+'/'+C : B+'/'+C","rand(1,5)","A+rand(1,4)","rand(11,18)","0",""
"3","1","분수","비교 1","{A}/{C} 와 1 중 큰 수는?","A>C? A+'/'+C : '1'","A<C? A+'/'+C : '1'","rand(2,5)","0","rand(6,10)","0",""
"3","1","분수","비교 1","{A}/{C} 와 1 중 작은 수는?","A<C? A+'/'+C : '1'","A>C? A+'/'+C : '1'","rand(2,5)","0","rand(6,10)","0",""
"3","1","분수","비교 1","1이 되려면 {A}/{C} 에 얼마를 더해야 할까?","(C-A)+'/'+C","(C-A+1)+'/'+C","rand(1,8)","0","rand(9,15)","0",""
"3","1","분수","비교 1","{A}/{C} 와 {B}/{C} 의 크기 차이는?","(Math.abs(A-B))+'/'+C","(Math.abs(A-B)+1)+'/'+C","rand(5,10)","rand(1,4)","rand(11,16)","0",""
"3","1","분수","비교 1","진분수 {A}/{C} 와 1/2 중 큰 수는?","A/C > 0.5 ? A+'/'+C : '1/2'","A/C < 0.5 ? A+'/'+C : '1/2'","pick(1,2,3,4,6,7,8,9)","0","10","0",""
"3","1","분수","비교 1","{A}/{C} 와 {B}/{C} 중 1에 더 가까운 수는?","A>B? A+'/'+C : B+'/'+C","A<B? A+'/'+C : B+'/'+C","rand(6,9)","rand(1,5)","10","0",""
"3","1","분수","비교 1","{A}/{C} 와 {B}/{C} 중 0에 더 가까운 수는?","A<B? A+'/'+C : B+'/'+C","A>B? A+'/'+C : B+'/'+C","rand(1,4)","rand(5,9)","10","0",""
"3","1","분수","비교 1","{A*C}/{C} 는 자연수 얼마와 같을까?","A","A+1","rand(1,9)","0","rand(2,8)","0",""
"3","2","분수","비교 2","1/{A} 와 1/{B} 중 큰 수는?","1/A>1/B? '1/'+A : '1/'+B","1/A<1/B? '1/'+A : '1/'+B","rand(2,5)","A+rand(1,4)","0","0",""
"3","2","분수","비교 2","1/{A} 와 1/{B} 중 작은 수는?","1/A<1/B? '1/'+A : '1/'+B","1/A>1/B? '1/'+A : '1/'+B","rand(2,5)","A+rand(1,4)","0","0",""
"3","2","분수","비교 2","{A}/{B} 와 1 중 큰 수는?","A>B ? A+'/'+B : '1'","A<B ? A+'/'+B : '1'","rand(2,5)","A+rand(1,4)","0","0",""
"3","2","분수","비교 2","{A}/{B} 와 1 중 작은 수는?","A<B ? A+'/'+B : '1'","A>B ? A+'/'+B : '1'","rand(2,5)","A+rand(1,4)","0","0",""
"3","2","분수","비교 2","1/2 과 1/{A} 중 큰 수는?","0.5 > 1/A ? '1/2' : '1/'+A","0.5 < 1/A ? '1/2' : '1/'+A","rand(3,9)","0","0","0",""
"3","2","분수","비교 2","1/2 과 1/{A} 중 작은 수는?","0.5 < 1/A ? '1/2' : '1/'+A","0.5 > 1/A ? '1/2' : '1/'+A","rand(3,9)","0","0","0",""
"3","2","분수","비교 2","1/{A} 와 1/{B} 중 0에 더 가까운 수는?","1/A < 1/B ? '1/'+A : '1/'+B","1/A > 1/B ? '1/'+A : '1/'+B","rand(2,5)","rand(6,9)","0","0",""
"3","2","분수","비교 2","1/{A} 와 1/{B} 중 1에 더 가까운 수는?","1/A > 1/B ? '1/'+A : '1/'+B","1/A < 1/B ? '1/'+A : '1/'+B","rand(2,5)","rand(6,9)","0","0",""
"3","2","분수","비교 2","2/{A} 와 2/{B} 중 큰 수는?","2/A > 2/B ? '2/'+A : '2/'+B","2/A < 2/B ? '2/'+A : '2/'+B","rand(3,5)","rand(6,9)","0","0",""
"3","2","분수","비교 2","{A}/2 와 {B}/3 중 큰 수는?","A/2 > B/3 ? A+'/2' : B+'/3'","A/2 < B/3 ? A+'/2' : B+'/3'","pick(1,3)","pick(1,4)","0","0",""
"3","3","분수","덧뺄셈 1","{A}/{C} + {B}/{C} = ?","(A+B)+'/'+C","(A+B+1)+'/'+C","rand(1,6)","rand(1,6)","rand(13,20)","0",""
"3","3","분수","덧뺄셈 1","{A}/{C} - {B}/{C} = ?","(A-B)+'/'+C","(A-B+1)+'/'+C","rand(7,12)","rand(1,6)","rand(13,20)","0",""
"3","3","분수","덧뺄셈 1","1 - {A}/{C} = ?","(C-A)+'/'+C","(C-A+1)+'/'+C","rand(1,9)","0","rand(10,16)","0",""
"3","3","분수","덧뺄셈 1","1 + {A}/{C} = ?","(C+A)+'/'+C","(C+A+1)+'/'+C","rand(1,5)","0","rand(6,10)","0",""
"3","3","분수","덧뺄셈 1","2 - {A}/{C} = ?","(C*2-A)+'/'+C","(C*2-A+1)+'/'+C","rand(1,5)","0","rand(6,10)","0",""
"3","3","분수","덧뺄셈 1","{A}/{C} + {B}/{C} - {D}/{C} = ?","(A+B-D)+'/'+C","(A+B-D+1)+'/'+C","rand(4,8)","rand(3,6)","rand(13,18)","rand(1,3)",""
"3","3","분수","덧뺄셈 1","{A}/{C} - {B}/{C} + {D}/{C} = ?","(A-B+D)+'/'+C","(A-B+D+1)+'/'+C","rand(6,9)","rand(2,4)","rand(13,18)","rand(1,3)",""
"3","3","분수","덧뺄셈 1","[ ? ] + {A}/{C} = 1","(C-A)+'/'+C","(C-A+1)+'/'+C","rand(1,8)","0","rand(9,15)","0",""
"3","3","분수","덧뺄셈 1","1 - [ ? ] = {A}/{C}","(C-A)+'/'+C","(C-A-1)+'/'+C","rand(1,8)","0","rand(9,15)","0",""
"3","3","분수","덧뺄셈 1","{A}/{C} + {B}/{C} 는 1과 같을까?","(A+B===C)?'1과 같음':'1과 다름'","(A+B===C)?'1과 다름':'1과 같음'","pick(3,4,5)","pick(2,4,5)","8","0",""
"3","4","분수","덧뺄셈 2","1/{A} + 1/{B} = ?","(B+A)+'/'+(A*B)","(B+A+1)+'/'+(A*B)","rand(2,6)","rand(7,13)","0","0",""
"3","4","분수","덧뺄셈 2","1/{A} - 1/{B} = ?","(B-A)+'/'+(A*B)","(B-A+1)+'/'+(A*B)","rand(2,5)","rand(6,12)","0","0",""
"3","4","분수","덧뺄셈 2","{A}/4 + 1/2 = ?","(A+2)+'/4'","(A+3)+'/4'","pick(1,3,5,7,9,11)","0","0","0",""
"3","4","분수","덧뺄셈 2","{A}/6 + 1/3 = ?","(A+2)+'/6'","(A+1)+'/6'","pick(1,5,7,11,13,17)","0","0","0",""
"3","4","분수","덧뺄셈 2","{A}/8 + 1/4 = ?","(A+2)+'/8'","(A+3)+'/8'","pick(1,3,5,7,9,11,13,15)","0","0","0",""
"3","4","분수","덧뺄셈 2","{A}/10 + 1/5 = ?","(A+2)+'/10'","(A+1)+'/10'","pick(1,3,7,9,11,13,17,19)","0","0","0",""
"3","4","분수","덧뺄셈 2","3/4 - 1/{A} = ?","(3*A - 4)+'/'+(4*A)","(3*A - 3)+'/'+(4*A)","pick(2,3,5,6,7,8,9,10)","0","0","0",""
"3","4","분수","덧뺄셈 2","1/2 + 1/{A} = ?","(A+2)+'/'+(2*A)","(A+3)+'/'+(2*A)","pick(3,5,7,9,11,13,15,17)","0","0","0",""
"3","4","분수","덧뺄셈 2","1/2 - 1/{A} = ?","(A-2)+'/'+(2*A)","(A-1)+'/'+(2*A)","pick(3,4,5,6,7,8,9,10,12)","0","0","0",""
"3","4","분수","덧뺄셈 2","1/3 + 1/{A} = ?","(A+3)+'/'+(3*A)","(A+2)+'/'+(3*A)","pick(2,4,5,7,8,10,11,13)","0","0","0",""
"3","4","분수","덧뺄셈 2","{A}/3 - 1/6 = ?","(A*2-1)+'/6'","(A*2)+'/6'","pick(1,2,4,5,7,8)","0","0","0",""
"3","4","분수","덧뺄셈 2","{A}/5 + 1/10 = ?","(A*2+1)+'/10'","(A*2)+'/10'","pick(1,2,3,4,6,7,8)","0","0","0",""
"3","5","분수","곱나눗셈","1/{A} × 1/{B} = ?","1+'/'+(A*B)","1+'/'+(A*B+1)","rand(2,8)","rand(2,8)","0","0",""
"3","5","분수","곱나눗셈","{A}/{C} ÷ 1/{C} = ?","A","A+1","rand(2,9)","0","rand(10,18)","0",""
"3","5","분수","곱나눗셈","{A} × 1/{B} = ?","A+'/'+B","(A+1)+'/'+B","rand(2,7)","rand(3,9)","0","0",""
"3","5","분수","곱나눗셈","1/{A} ÷ {B} = ?","1+'/'+(A*B)","1+'/'+(A*B-1)","rand(2,6)","rand(2,6)","0","0",""
"3","5","분수","곱나눗셈","1/{A} ÷ 1/{B} = ?","B+'/'+A","(B+1)+'/'+A","rand(2,6)","rand(2,6)","0","0",""
"3","5","분수","곱나눗셈","{A}/{B} × {B} = ?","A","A+1","rand(2,8)","rand(3,9)","0","0",""
"3","5","분수","곱나눗셈","{A}/{B} 의 역수는?","B+'/'+A","A+'/'+B","rand(2,5)","A+rand(1,4)","0","0",""
"3","5","분수","곱나눗셈","1/2 의 1/{A} 은?","1+'/'+(A*2)","1+'/'+(A*2+1)","rand(2,8)","0","0","0",""
"3","5","분수","곱나눗셈","{A} ÷ 1/{B} = ?","A*B","A*B+B","rand(2,7)","rand(2,6)","0","0",""
"3","5","분수","곱나눗셈","{A}/{B} × {B}/{A} = ?","'1'","'0'","rand(2,8)","rand(2,8)","0","0",""
"4","1","소수","크기비교","{A} 와 {B} 중 큰 수는?","A>B? A : B","A<B? A : B","rand(1,9)/10","A+pick(0.1, 0.2, 0.3)","0","0",""
"4","1","소수","크기비교","{A} 와 {B} 중 작은 수는?","A<B? A : B","A>B? A : B","rand(1,9)/10","A+pick(0.1, 0.2, 0.3)","0","0",""
"4","1","소수","크기비교","{A} 와 1 중 큰 수는?","A>1? A : '1'","A<1? A : '1'","pick(0.3, 0.5, 0.7, 1.2, 1.5, 1.8)","0","0","0",""
"4","1","소수","크기비교","{A} 와 1 중 작은 수는?","A<1? A : '1'","A>1? A : '1'","pick(0.3, 0.5, 0.7, 1.2, 1.5, 1.8)","0","0","0",""
"4","1","소수","크기비교","0.{A} 와 0.0{A} 중 큰 수는?","'0.'+A","'0.0'+A","rand(1,9)","0","0","0",""
"4","1","소수","크기비교","0.{A} 와 0.0{A} 중 작은 수는?","'0.0'+A","'0.'+A","rand(1,9)","0","0","0",""
"4","1","소수","크기비교","1.{A} 와 1.{B} 중 큰 수는?","A>B? '1.'+A : '1.'+B","A<B? '1.'+A : '1.'+B","rand(1,5)","A+rand(1,4)","0","0",""
"4","1","소수","크기비교","0.{A} 와 0.5 중 큰 수는?","A>5? '0.'+A : '0.5'","A<5? '0.'+A : '0.5'","pick(1,2,3,4,6,7,8,9)","0","0","0",""
"4","1","소수","크기비교","0.{A} 와 1 중 1에 더 가까운 수는?","A>5? '0.'+A : '1'","A<5? '0.'+A : '1'","pick(2,3,4,6,7,8)","0","0","0",""
"4","1","소수","크기비교","0.{A} 와 0 중 0에 더 가까운 수는?","A<5? '0.'+A : '0'","A>5? '0.'+A : '0'","pick(2,3,4,6,7,8)","0","0","0",""
"4","2","소수","덧뺄셈","{A} + {B} = ?","((A*10+B*10)/10).toFixed(1)","((A*10+B*10+1)/10).toFixed(1)","rand(1,29)/10","rand(1,29)/10","0","0",""
"4","2","소수","덧뺄셈","{A} - {B} = ?","((A*10-B*10)/10).toFixed(1)","((A*10-B*10+1)/10).toFixed(1)","rand(25,59)/10","rand(1,24)/10","0","0",""
"4","3","소수","분수변환","소수 {A} 를 분수로 나타내면?","C","C === '1/2' ? '1/4' : '1/2'","pick(0.1, 0.2, 0.3, 0.4, 0.5, 0.6, 0.7, 0.8, 0.9, 0.25, 0.75, 0.05, 0.15, 0.35, 0.125, 1.5, 2.5, 3.5, 0.02, 0.04)","0","({'0.1':'1/10','0.2':'1/5','0.3':'3/10','0.4':'2/5','0.5':'1/2','0.6':'3/5','0.7':'7/10','0.8':'4/5','0.9':'9/10','0.25':'1/4','0.75':'3/4','0.05':'1/20','0.15':'3/20','0.35':'7/20','0.125':'1/8','1.5':'3/2','2.5':'5/2','3.5':'7/2','0.02':'1/50','0.04':'1/25'}[A])","0",""
"4","3","소수","분수변환","분수 {A} 를 소수로 나타내면?","C","C === '0.5' ? '0.25' : '0.5'","pick('1/2','1/4','3/4','1/5','2/5','3/5','4/5','1/10','3/10','7/10','9/10','1/8','1/20','3/2','5/2','7/2')","0","({'1/2':'0.5','1/4':'0.25','3/4':'0.75','1/5':'0.2','2/5':'0.4','3/5':'0.6','4/5':'0.8','1/10':'0.1','3/10':'0.3','7/10':'0.7','9/10':'0.9','1/8':'0.125','1/20':'0.05','3/2':'1.5','5/2':'2.5','7/2':'3.5'}[A])","0",""
"4","3","소수","분수변환","소수 0.{A} 를 분수로 나타내면?","A+'/10'","(A+1)+'/10'","rand(1,9)","0","0","0",""
"4","3","소수","분수변환","소수 1.{A} 를 분수로 나타내면?","(10+A)+'/10'","(11+A)+'/10'","rand(1,9)","0","0","0",""
"4","3","소수","분수변환","소수 2.{A} 를 분수로 나타내면?","(20+A)+'/10'","(21+A)+'/10'","rand(1,9)","0","0","0",""
"4","3","소수","분수변환","소수 0.0{A} 를 분수로 나타내면?","A+'/100'","(A+1)+'/100'","rand(1,9)","0","0","0",""
"4","3","소수","분수변환","분수 {A}/10 을 소수로 나타내면?","'0.'+A","'0.'+(A+1)","rand(1,9)","0","0","0",""
"4","3","소수","분수변환","분수 {A}/100 을 소수로 나타내면?","'0.0'+A","'0.0'+(A+1)","rand(1,9)","0","0","0",""
"4","3","소수","분수변환","1과 {A}/10 을 소수로 나타내면?","'1.'+A","'1.0'+A","rand(1,9)","0","0","0",""
"4","3","소수","분수변환","소수 3.{A} 를 분수로 나타내면?","(30+A)+'/10'","(31+A)+'/10'","rand(1,9)","0","0","0",""
"4","3","소수","분수변환","소수 {A}.5 를 가분수로 나타내면?","(A*2+1)+'/2'","(A*2)+'/2'","rand(1,15)","0","0","0",""
"4","3","소수","분수변환","분수 {A}/5 를 소수로 나타내면?","((A*2)/10).toFixed(1)","((A*2+1)/10).toFixed(1)","rand(1,19)","0","0","0",""
"4","4","소수","곱나눗셈","{A} × 0.5 = ?","A/2","A/2+1","rand(2,18)*2","0","0","0",""
"4","4","소수","곱나눗셈","{A} × 0.25 = ?","A/4","A/4+1","rand(1,9)*4","0","0","0",""
"4","4","소수","곱나눗셈","{A} × 1.5 = ?","A*1.5","A*1.5+1","rand(2,12)*2","0","0","0",""
"4","4","소수","곱나눗셈","{A} × 2.5 = ?","A*2.5","A*2.5+1","rand(2,10)*2","0","0","0",""
"4","4","소수","곱나눗셈","{A} ÷ 0.5 = ?","A*2","A*2+1","rand(2,18)","0","0","0",""
"4","4","소수","곱나눗셈","{A} ÷ 0.25 = ?","A*4","A*4+2","rand(2,12)","0","0","0",""
"4","4","소수","곱나눗셈","{A} ÷ 0.1 = ?","A*10","A*10+10","rand(2,19)","0","0","0",""
"4","4","소수","곱나눗셈","{A} × 0.1 = ?","A/10","A/100","rand(2,19)","0","0","0",""
"4","4","소수","곱나눗셈","{A} × 0.75 = ?","A*0.75","A*0.75+1","rand(1,8)*4","0","0","0",""
"4","4","소수","곱나눗셈","{A} ÷ 0.2 = ?","A*5","A*5+2","rand(2,12)","0","0","0",""
"4","5","소수","응용문제","{A} × {B} = ?","((A*10)*(B*10)/100).toFixed(2)","((A*10)*(B*10)/10).toFixed(1)","rand(1,9)/10","rand(1,9)/10","0","0",""
"4","5","소수","응용문제","{A} ÷ {B} = ?","(A/B).toFixed(1)","((A/B)+0.1).toFixed(1)","rand(2,9)*pick(0.2,0.3,0.5)","pick(0.2,0.3,0.5)","0","0",""
"4","5","소수","응용문제","{A} × 0.01 = ?","(A*0.01).toFixed(2)","(A*0.1).toFixed(1)","rand(5,85)","0","0","0",""
"4","5","소수","응용문제","{A} ÷ 10 = ?","(A/10).toFixed(1)","(A/100).toFixed(2)","rand(12,98)","0","0","0",""
"4","5","소수","응용문제","{A} ÷ 100 = ?","(A/100).toFixed(2)","(A/10).toFixed(1)","rand(12,98)","0","0","0",""
"4","5","소수","응용문제","0.{A} × 10 = ?","A","A*10","rand(1,9)","0","0","0",""
"4","5","소수","응용문제","0.{A} × 100 = ?","A*10","A","rand(1,9)","0","0","0",""
"4","5","소수","응용문제","0.0{A} × 10 = ?","'0.'+A","A","rand(1,9)","0","0","0",""
"4","5","소수","응용문제","({A} + {B}) × 0.1 = ?","((A+B)/10).toFixed(1)","((A+B+1)/10).toFixed(1)","rand(5,15)","rand(5,15)","0","0",""
"4","5","소수","응용문제","({A} - {B}) × 0.1 = ?","((A-B)/10).toFixed(1)","((A-B+1)/10).toFixed(1)","rand(15,35)","rand(2,10)","0","0",""
"5","1","제곱","기본제곱","{repeatMul(A, C)} × {repeatMul(B, D)} = ?","A + (C === 1 ? '' : sup(C)) + ' × ' + B + (D === 1 ? '' : sup(D))","C !== D ? (A + (D === 1 ? '' : sup(D)) + ' × ' + B + (C === 1 ? '' : sup(C))) : (A + sup(C+1) + ' × ' + B + sup(D))","rand(2,5)","rand(6,9)","rand(1,4)","rand(1,4)",""
"5","1","제곱","기본제곱","{repeatMul(A, B)} = ?","A + sup(B)","A + sup(B === 2 ? 3 : B - 1)","rand(2,12)","rand(2,6)","0","0",""
"5","1","제곱","기본제곱","{A}{sup(B)} 은 {A}를 몇 번 곱한 것?","B + '번'","(B === 2 ? 3 : B - 1) + '번'","rand(2,12)","rand(2,8)","0","0",""
"5","1","제곱","기본제곱","{A}{sup(B)} 에서 밑(base)은 얼마일까?","A","B","rand(3,15)","(A===3?2:(A===4?3:2))","0","0",""
"5","1","제곱","기본제곱","{A}{sup(B)} 에서 지수(exponent)는 얼마일까?","B","A","rand(3,15)","(A===3?2:(A===4?3:2))","0","0",""
"5","1","제곱","기본제곱","{A}를 {B}번 곱한 식을 거듭제곱으로?","A + sup(B)","A + sup(B === 2 ? 3 : B - 1)","rand(2,9)","rand(2,7)","0","0",""
"5","1","제곱","기본제곱","{A}{sup(B)} 의 값은 얼마일까?","Math.pow(A, B)","A * B","pick(3,4,5,10)","(A===10?rand(2,3):(A===5?2:rand(2,3)))","0","0",""
"5","1","제곱","기본제곱","{A}{sup(B)} 과 {A} × {B} 중 큰 것은?","A + sup(B)","A + ' × ' + B","rand(2,6)","rand(3,5)","0","0",""
"5","1","제곱","기본제곱","{A} × {A} × {repeatMul(B, C)} = ?","A + '² × ' + B + sup(C)","A + '³ × ' + B + sup(C)","rand(2,5)","rand(6,9)","rand(2,5)","0",""
"5","1","제곱","기본제곱","{repeatMul(A, B)} 은 {A}의 몇 제곱?","B + '제곱'","(B === 2 ? 3 : B - 1) + '제곱'","rand(2,10)","rand(2,6)","0","0",""
"5","1","제곱","기본제곱","({A} × {B}){sup(C)} 은 무엇과 같을까?","A + sup(C) + ' × ' + B + sup(C)","A + sup(C) + ' + ' + B + sup(C)","rand(2,5)","rand(6,9)","rand(2,4)","0",""
"5","1","제곱","기본제곱","10{sup(B)} 은 0이 뒤에 몇 개 붙을까?","B + '개'","(B - 1) + '개'","0","rand(2,7)","0","0",""
"5","2","제곱","제곱 1","{A}² = ?","A*A","(A+1)*(A+1)","rand(2,10)","0","0","0",""
"5","2","제곱","제곱 1","{A}² + 1 = ?","A*A+1","A*A","rand(2,10)","0","0","0",""
"5","2","제곱","제곱 1","{A}² - 1 = ?","A*A-1","A*A","rand(3,10)","0","0","0",""
"5","2","제곱","제곱 1","{A}² + {B} = ?","A*A+B","A*A+B+1","rand(2,9)","rand(2,6)","0","0",""
"5","2","제곱","제곱 1","{A}² - {B} = ?","A*A-B","A*A-B+1","rand(4,10)","rand(2,6)","0","0",""
"5","2","제곱","제곱 1","{A}² + {B}² = ?","A*A+B*B","A*A+B*B+1","rand(2,5)","rand(2,5)","0","0",""
"5","2","제곱","제곱 1","{A}² - {B}² = ?","A*A-B*B","A*A-B*B+1","rand(5,8)","rand(2,4)","0","0",""
"5","2","제곱","제곱 1","({A} + 1)² = ?","(A+1)*(A+1)","(A)*(A)","rand(2,9)","0","0","0",""
"5","2","제곱","제곱 1","({A} - 1)² = ?","(A-1)*(A-1)","(A)*(A)","rand(3,10)","0","0","0",""
"5","2","제곱","제곱 1","{A}² × 2 = ?","A*A*2","A*A*2+2","rand(2,8)","0","0","0",""
"5","3","제곱","제곱 2","{A}² = ?","A*A","(A-1)*(A-1)","rand(11,25)","0","0","0",""
"5","3","제곱","제곱 2","{A}² + 1 = ?","A*A+1","A*A","rand(11,22)","0","0","0",""
"5","3","제곱","제곱 2","{A}² - 1 = ?","A*A-1","A*A","rand(11,22)","0","0","0",""
"5","3","제곱","제곱 2","{A}² + 10 = ?","A*A+10","A*A+20","rand(11,20)","0","0","0",""
"5","3","제곱","제곱 2","{A}² - 10 = ?","A*A-10","A*A-20","rand(11,20)","0","0","0",""
"5","3","제곱","제곱 2","{A}² + {B} = ?","A*A+B","A*A+B+2","rand(11,18)","rand(2,8)","0","0",""
"5","3","제곱","제곱 2","{A}² - {B} = ?","A*A-B","A*A-B-2","rand(11,18)","rand(2,8)","0","0",""
"5","3","제곱","제곱 2","20² - {A}² = ?","400-A*A","400-A*A+10","rand(11,19)","0","0","0",""
"5","3","제곱","제곱 2","{A}² 의 일의 자리 숫자는?","(A*A)%10","((A*A)%10 + 1)%10","rand(11,25)","0","0","0",""
"5","3","제곱","제곱 2","{A}² 과 {A+1}² 중 큰 수는?","(A+1)*(A+1)","A*A","rand(11,20)","0","0","0",""
"5","4","제곱","루트(√)","√{A} = ?","Math.sqrt(A)","Math.sqrt(A)+1","pick(4,9,16,25,36,49,64,81,100,121,144,169,196,225,256,289,324,361,400)","0","0","0",""
"5","4","제곱","루트(√)","√{A} + 1 = ?","Math.sqrt(A)+1","Math.sqrt(A)","pick(4,9,16,25,36,49,64,81,100)","0","0","0",""
"5","4","제곱","루트(√)","√{A} - 1 = ?","Math.sqrt(A)-1","Math.sqrt(A)","pick(9,16,25,36,49,64,81,100)","0","0","0",""
"5","4","제곱","루트(√)","√{A} + √{B} = ?","Math.sqrt(A)+Math.sqrt(B)","Math.sqrt(A)+Math.sqrt(B)+1","pick(4,9,16,25,36)","pick(4,9,16,25)","0","0",""
"5","4","제곱","루트(√)","√{A} - √{B} = ?","Math.sqrt(A)-Math.sqrt(B)","Math.sqrt(A)-Math.sqrt(B)+1","pick(25,36,49,64,100)","pick(4,9,16)","0","0",""
"5","4","제곱","루트(√)","√{A} × √{B} = ?","Math.sqrt(A)*Math.sqrt(B)","Math.sqrt(A)*Math.sqrt(B)+1","pick(4,9,16)","pick(4,9,16)","0","0",""
"5","4","제곱","루트(√)","(√{A})² = ?","A","A+1","pick(2,3,5,6,7,10,11,13,15)","0","0","0",""
"5","4","제곱","루트(√)","√{A} + {B} = ?","Math.sqrt(A)+B","Math.sqrt(A)+B+1","pick(4,9,16,25,36)","rand(2,8)","0","0",""
"5","4","제곱","루트(√)","√{A} - {B} = ?","Math.sqrt(A)-B","Math.sqrt(A)-B+1","pick(25,36,49,64,81)","rand(1,4)","0","0",""
"5","4","제곱","루트(√)","√{A*A} = ?","A","A+1","rand(5,20)","0","0","0",""
"5","5","제곱","응용문제","{A}{sup(B)} × {A}{sup(C)} = ?","A + sup(B + C)","A + sup(B * C)","rand(2,8)","pick(1,2)","pick(3,4)","0",""
"5","5","제곱","응용문제","({A}{sup(B)}){sup(C)} = ?","A + sup(B * C)","A + sup(B + C)","rand(2,8)","pick(1,2)","pick(3,4)","0",""
"5","5","제곱","응용문제","{A}{sup(B)} ÷ {A}{sup(C)} = ?","A + (B - C === 1 ? '' : sup(B - C))","A + sup(B / C >= 1 ? Math.floor(B / C) : B - C + 1)","rand(2,8)","pick(4,5)","pick(1,3)","0",""
"5","5","제곱","응용문제","({A} × {B}){sup(C)} = ?","A + sup(C) + ' × ' + B + sup(C)","A + sup(C) + ' + ' + B + sup(C)","rand(2,5)","rand(6,9)","rand(2,4)","0",""
"5","5","제곱","응용문제","{A}{sup(B)} × {A} = ?","A + sup(B + 1)","A + sup(B)","rand(2,8)","rand(2,6)","0","0",""
"5","5","제곱","응용문제","{A}{sup(B)} ÷ {A} = ?","A + (B - 1 === 1 ? '' : sup(B - 1))","A + sup(B)","rand(2,8)","rand(3,7)","0","0",""
"5","5","제곱","응용문제","({A}{sup(B)} × {A}{sup(C)}) ÷ {A}{sup(D)} = ?","A + (B + C - D === 1 ? '' : sup(B + C - D))","A + sup(B + C - D + 1)","rand(2,6)","rand(2,4)","rand(2,4)","rand(1, B + C - 1)",""
"5","5","제곱","응용문제","{A}{sup(B)} ÷ {A}{sup(B)} = ?","'1'","'0'","rand(2,9)","rand(2,7)","0","0",""
"5","5","제곱","응용문제","√{A} × √{B} = ?","'√' + (A * B)","'√' + (A + B)","pick(2,3)","pick(5,7)","0","0",""
"5","5","제곱","응용문제","√{A*A*B} = ?","A + '√' + B","B + '√' + A","rand(2,6)","(A===2?3:2)","0","0",""
"5","5","제곱","응용문제","(√{A})² + {B} = ?","A + B","A + B + 1","pick(2,3,5,7,11,13,17)","rand(1,15)","0","0",""
"5","5","제곱","응용문제","√{A} × √{A} - {B} = ?","A - B","A - B + 1","rand(6,25)","rand(1,5)","0","0",""
"6","1","2진수","10진변환","2자리 2진수 {A}₍₂₎ 은(는) 10진수로?","parseInt(A, 2)","parseInt(A, 2)+1","Number(rand(2,3)).toString(2)","0","0","0",""
"6","1","2진수","10진변환","3자리 2진수 {A}₍₂₎ 은(는) 10진수로?","parseInt(A, 2)","parseInt(A, 2)+1","Number(rand(4,7)).toString(2)","0","0","0",""
"6","1","2진수","10진변환","4자리 2진수 {A}₍₂₎ 은(는) 10진수로?","parseInt(A, 2)","parseInt(A, 2)+1","Number(rand(8,15)).toString(2)","0","0","0",""
"6","1","2진수","10진변환","5자리 2진수 {A}₍₂₎ 은(는) 10진수로?","parseInt(A, 2)","parseInt(A, 2)+1","Number(rand(16,31)).toString(2)","0","0","0",""
"6","1","2진수","10진변환","6자리 2진수 {A}₍₂₎ 은(는) 10진수로?","parseInt(A, 2)","parseInt(A, 2)+1","Number(rand(32,63)).toString(2)","0","0","0",""
"6","1","2진수","10진변환","거듭제곱 2진수 {A}₍₂₎ 은 10진수로?","parseInt(A, 2)","parseInt(A, 2)+2","Number(pick(4,8,16,32,64,128)).toString(2)","0","0","0",""
"6","1","2진수","10진변환","올1형 2진수 {A}₍₂₎ 은 10진수로?","parseInt(A, 2)","parseInt(A, 2)+1","Number(pick(3,7,15,31,63,127)).toString(2)","0","0","0",""
"6","1","2진수","10진변환","교대형 2진수 {A}₍₂₎ 은 10진수로?","parseInt(A, 2)","parseInt(A, 2)+1","pick('101','1010','10101','101010','1010101','10101010','101010101','1010101010')","0","0","0",""
"6","1","2진수","10진변환","2진수 11{A}₍₂₎ 은 10진수로 얼마?","parseInt('11'+A, 2)","parseInt('11'+A, 2)+1","Number(rand(0,15)).toString(2).padStart(4, '0')","0","0","0",""
"6","1","2진수","10진변환","2진수 10{A}1₍₂₎ 은 10진수로 얼마?","parseInt('10'+A+'1', 2)","parseInt('10'+A+'1', 2)+1","Number(rand(0,15)).toString(2).padStart(4, '0')","0","0","0",""
"6","1","2진수","10진변환","2진수 {A}₍₂₎ 의 1의 자리 값은?","parseInt(A, 2) % 2","(parseInt(A, 2) % 2 === 0 ? 1 : 0)","Number(rand(5,50)).toString(2)","0","0","0",""
"6","1","2진수","10진변환","2진수 100{A}₍₂₎ 은 10진수로 얼마?","parseInt('100'+A, 2)","parseInt('100'+A, 2)+1","Number(rand(0,7)).toString(2).padStart(3, '0')","0","0","0",""
"6","2","2진수","2진변환","한자리 10진수 {A}를 2진수로?","Number(A).toString(2) + '₍₂₎'","Number(A+1).toString(2) + '₍₂₎'","rand(2,9)","0","0","0",""
"6","2","2진수","2진변환","10진수 {A} (10~20)를 2진수로?","Number(A).toString(2) + '₍₂₎'","Number(A+1).toString(2) + '₍₂₎'","rand(10,20)","0","0","0",""
"6","2","2진수","2진변환","10진수 {A} (21~40)를 2진수로?","Number(A).toString(2) + '₍₂₎'","Number(A+1).toString(2) + '₍₂₎'","rand(21,40)","0","0","0",""
"6","2","2진수","2진변환","10진수 {A} (41~63)를 2진수로?","Number(A).toString(2) + '₍₂₎'","Number(A+1).toString(2) + '₍₂₎'","rand(41,63)","0","0","0",""
"6","2","2진수","2진변환","거듭제곱수 10진수 {A}를 2진수로?","Number(A).toString(2) + '₍₂₎'","Number(A+1).toString(2) + '₍₂₎'","pick(2,4,8,16,32,64,128)","0","0","0",""
"6","2","2진수","2진변환","연속1수 10진수 {A}를 2진수로?","Number(A).toString(2) + '₍₂₎'","Number(A+1).toString(2) + '₍₂₎'","pick(1,3,7,15,31,63,127)","0","0","0",""
"6","2","2진수","2진변환","10진수 {A} (홀수)를 2진수로?","Number(A).toString(2) + '₍₂₎'","Number(A+1).toString(2) + '₍₂₎'","rand(3,25)*2+1","0","0","0",""
"6","2","2진수","2진변환","10진수 {A} (짝수)를 2진수로?","Number(A).toString(2) + '₍₂₎'","Number(A+1).toString(2) + '₍₂₎'","rand(3,25)*2","0","0","0",""
"6","2","2진수","2진변환","10진수 {A} (8~16)를 2진수로?","Number(A).toString(2) + '₍₂₎'","Number(A+1).toString(2) + '₍₂₎'","rand(8,16)","0","0","0",""
"6","2","2진수","2진변환","10진수 {A} (64~99)를 2진수로?","Number(A).toString(2) + '₍₂₎'","Number(A+1).toString(2) + '₍₂₎'","rand(64,99)","0","0","0",""
"6","2","2진수","2진변환","10진수 {A}를 2진수로 나타냈을 때 자리수는?","Number(A).toString(2).length","Number(A).toString(2).length+1","rand(4,60)","0","0","0",""
"6","3","2진수","2진덧셈","{A}₍₂₎ + {B}₍₂₎ = ?","(parseInt(A,2)+parseInt(B,2)).toString(2) + '₍₂₎'","(parseInt(A,2)+parseInt(B,2)+1).toString(2) + '₍₂₎'","Number(rand(2,15)).toString(2)","Number(rand(1,10)).toString(2)","0","0",""
"6","3","2진수","2진덧셈","{A}₍₂₎ + 1₍₂₎ = ?","(parseInt(A,2)+1).toString(2) + '₍₂₎'","(parseInt(A,2)+2).toString(2) + '₍₂₎'","Number(rand(2,30)).toString(2)","0","0","0",""
"6","3","2진수","2진덧셈","같은 수 덧셈: {A}₍₂₎ + {A}₍₂₎ = ?","(parseInt(A,2)*2).toString(2) + '₍₂₎'","(parseInt(A,2)*2+1).toString(2) + '₍₂₎'","Number(rand(2,15)).toString(2)","0","0","0",""
"6","3","2진수","2진덧셈","10₍₂₎ + {A}₍₂₎ = ?","(2+parseInt(A,2)).toString(2) + '₍₂₎'","(2+parseInt(A,2)+1).toString(2) + '₍₂₎'","Number(rand(2,15)).toString(2)","0","0","0",""
"6","3","2진수","2진덧셈","11₍₂₎ + {A}₍₂₎ = ?","(3+parseInt(A,2)).toString(2) + '₍₂₎'","(3+parseInt(A,2)+1).toString(2) + '₍₂₎'","Number(rand(2,15)).toString(2)","0","0","0",""
"6","3","2진수","2진덧셈","100₍₂₎ + {A}₍₂₎ = ?","(4+parseInt(A,2)).toString(2) + '₍₂₎'","(4+parseInt(A,2)+1).toString(2) + '₍₂₎'","Number(rand(1,7)).toString(2)","0","0","0",""
"6","3","2진수","2진덧셈","1000₍₂₎ + {A}₍₂₎ = ?","(8+parseInt(A,2)).toString(2) + '₍₂₎'","(8+parseInt(A,2)+1).toString(2) + '₍₂₎'","Number(rand(1,7)).toString(2)","0","0","0",""
"6","3","2진수","2진덧셈","올림 발생: {A}₍₂₎ + 1₍₂₎ = ?","(parseInt(A,2)+1).toString(2) + '₍₂₎'","(parseInt(A,2)).toString(2) + '₍₂₎'","Number(pick(3,7,15,31,63)).toString(2)","0","0","0",""
"6","3","2진수","2진덧셈","101₍₂₎ + {A}₍₂₎ = ?","(5+parseInt(A,2)).toString(2) + '₍₂₎'","(5+parseInt(A,2)+1).toString(2) + '₍₂₎'","Number(rand(1,15)).toString(2)","0","0","0",""
"6","3","2진수","2진덧셈","111₍₂₎ + {A}₍₂₎ = ?","(7+parseInt(A,2)).toString(2) + '₍₂₎'","(7+parseInt(A,2)+1).toString(2) + '₍₂₎'","Number(rand(1,15)).toString(2)","0","0","0",""
"6","3","2진수","2진덧셈","{A}₍₂₎ + {B}₍₂₎ 의 마지막 자리 수는?","(parseInt(A,2)+parseInt(B,2))%2","((parseInt(A,2)+parseInt(B,2))%2===0?1:0)","Number(rand(2,15)).toString(2)","Number(rand(2,15)).toString(2)","0","0",""
"6","4","2진수","2진뺄셈","{A}₍₂₎ - {B}₍₂₎ = ?","(parseInt(A,2)-parseInt(B,2)).toString(2) + '₍₂₎'","(parseInt(A,2)-parseInt(B,2)+1).toString(2) + '₍₂₎'","Number(rand(8,30)).toString(2)","Number(rand(1,7)).toString(2)","0","0",""
"6","4","2진수","2진뺄셈","{A}₍₂₎ - 1₍₂₎ = ?","(parseInt(A,2)-1).toString(2) + '₍₂₎'","(parseInt(A,2)-2).toString(2) + '₍₂₎'","Number(rand(3,30)).toString(2)","0","0","0",""
"6","4","2진수","2진뺄셈","내림 발생: {A}₍₂₎ - 1₍₂₎ = ?","(parseInt(A,2)-1).toString(2) + '₍₂₎'","(parseInt(A,2)).toString(2) + '₍₂₎'","Number(pick(4,8,16,32,64)).toString(2)","0","0","0",""
"6","4","2진수","2진뺄셈","{A}₍₂₎ - 10₍₂₎ = ?","(parseInt(A,2)-2).toString(2) + '₍₂₎'","(parseInt(A,2)-1).toString(2) + '₍₂₎'","Number(rand(4,25)).toString(2)","0","0","0",""
"6","4","2진수","2진뺄셈","{A}₍₂₎ - 11₍₂₎ = ?","(parseInt(A,2)-3).toString(2) + '₍₂₎'","(parseInt(A,2)-2).toString(2) + '₍₂₎'","Number(rand(5,25)).toString(2)","0","0","0",""
"6","4","2진수","2진뺄셈","{A}₍₂₎ - 100₍₂₎ = ?","(parseInt(A,2)-4).toString(2) + '₍₂₎'","(parseInt(A,2)-3).toString(2) + '₍₂₎'","Number(rand(6,25)).toString(2)","0","0","0",""
"6","4","2진수","2진뺄셈","같은 수 뺄셈: {A}₍₂₎ - {A}₍₂₎ = ?","'0₍₂₎'","'1₍₂₎'","Number(rand(3,25)).toString(2)","0","0","0",""
"6","4","2진수","2진뺄셈","1000₍₂₎ - {A}₍₂₎ = ?","(8-parseInt(A,2)).toString(2) + '₍₂₎'","(8-parseInt(A,2)+1).toString(2) + '₍₂₎'","Number(rand(1,7)).toString(2)","0","0","0",""
"6","4","2진수","2진뺄셈","1100₍₂₎ - {A}₍₂₎ = ?","(12-parseInt(A,2)).toString(2) + '₍₂₎'","(12-parseInt(A,2)+1).toString(2) + '₍₂₎'","Number(rand(1,11)).toString(2)","0","0","0",""
"6","4","2진수","2진뺄셈","1010₍₂₎ - {A}₍₂₎ = ?","(10-parseInt(A,2)).toString(2) + '₍₂₎'","(10-parseInt(A,2)+1).toString(2) + '₍₂₎'","Number(rand(1,9)).toString(2)","0","0","0",""
"6","4","2진수","2진뺄셈","{A}0₍₂₎ - 10₍₂₎ = ?","(parseInt(A,2)*2-2).toString(2) + '₍₂₎'","(parseInt(A,2)*2-1).toString(2) + '₍₂₎'","Number(rand(2,15)).toString(2)","0","0","0",""
"6","5","2진수","곱·비교","{A}₍₂₎ × {B}₍₂₎ = ?","(parseInt(A,2)*parseInt(B,2)).toString(2) + '₍₂₎'","(parseInt(A,2)*parseInt(B,2)+1).toString(2) + '₍₂₎'","Number(rand(2,6)).toString(2)","Number(rand(2,5)).toString(2)","0","0",""
"6","5","2진수","곱·비교","{A}₍₂₎ 와 {B}₍₂₎ 중 큰 수는?","parseInt(A,2)>parseInt(B,2)?A+'₍₂₎':B+'₍₂₎'","parseInt(A,2)<parseInt(B,2)?A+'₍₂₎':B+'₍₂₎'","Number(rand(4,14)).toString(2)","Number(rand(15,31)).toString(2)","0","0",""
"6","5","2진수","곱·비교","{A}₍₂₎ 와 {B}₍₂₎ 중 작은 수는?","parseInt(A,2)<parseInt(B,2)?A+'₍₂₎':B+'₍₂₎'","parseInt(A,2)>parseInt(B,2)?A+'₍₂₎':B+'₍₂₎'","Number(rand(4,14)).toString(2)","Number(rand(15,31)).toString(2)","0","0",""
"6","5","2진수","곱·비교","2진수 {A}₍₂₎ 와 10진수 {B} 중 큰 수는?","parseInt(A,2)>B?A+'₍₂₎':B","parseInt(A,2)<B?A+'₍₂₎':B","Number(rand(5,15)).toString(2)","parseInt(A,2)+pick(-3,-2,-1,1,2,3)","0","0",""
"6","5","2진수","곱·비교","2진수 {A}₍₂₎ 와 10진수 {B} 중 작은 수는?","parseInt(A,2)<B?A+'₍₂₎':B","parseInt(A,2)>B?A+'₍₂₎':B","Number(rand(5,15)).toString(2)","parseInt(A,2)+pick(-3,-2,-1,1,2,3)","0","0",""
"6","5","2진수","곱·비교","{A}₍₂₎ × 10₍₂₎ (2배) = ?","(parseInt(A,2)*2).toString(2) + '₍₂₎'","(parseInt(A,2)*2+1).toString(2) + '₍₂₎'","Number(rand(2,15)).toString(2)","0","0","0",""
"6","5","2진수","곱·비교","{A}₍₂₎ × 100₍₂₎ (4배) = ?","(parseInt(A,2)*4).toString(2) + '₍₂₎'","(parseInt(A,2)*4+1).toString(2) + '₍₂₎'","Number(rand(2,8)).toString(2)","0","0","0",""
"6","5","2진수","곱·비교","{A}0₍₂₎ ÷ 10₍₂₎ = ?","A+'₍₂₎'","(parseInt(A,2)+1).toString(2)+'₍₂₎'","Number(rand(2,15)).toString(2)","0","0","0",""
"6","5","2진수","곱·비교","{A}₍₂₎ × 11₍₂₎ = ?","(parseInt(A,2)*3).toString(2) + '₍₂₎'","(parseInt(A,2)*3+1).toString(2) + '₍₂₎'","Number(rand(2,10)).toString(2)","0","0","0",""
"6","5","2진수","곱·비교","{A}₍₂₎ 와 {B}₍₂₎ 중 큰 것은? (4자리)","parseInt(A,2)>parseInt(B,2)?A+'₍₂₎':B+'₍₂₎'","parseInt(A,2)<parseInt(B,2)?A+'₍₂₎':B+'₍₂₎'","Number(rand(8,11)).toString(2)","Number(rand(12,15)).toString(2)","0","0",""
"6","5","2진수","곱·비교","{A}₍₂₎ × 1₍₂₎ = ?","A+'₍₂₎'","(parseInt(A,2)+1).toString(2)+'₍₂₎'","Number(rand(4,25)).toString(2)","0","0","0",""
"7","1","도형","도형구분","정육면체의 꼭짓점 수?","8","6","0","0","0","0","{type:'cube', w:''}"
"7","1","도형","도형구분","정육면체의 면의 수?","6","8","0","0","0","0","{type:'cube', w:''}"
"7","1","도형","도형구분","정육면체의 모서리 수?","12","8","0","0","0","0","{type:'cube', w:''}"
"7","1","도형","도형구분","사각형의 변의 수?","4","3","0","0","0","0","{type:'rect', w:'', h:''}"
"7","1","도형","도형구분","삼각형의 꼭짓점 수?","3","4","0","0","0","0","{type:'triangle', w:'', h:''}"
"7","1","도형","도형구분","오각형의 변의 수는?","5","6","0","0","0","0","{type:'pentagon'}"
"7","1","도형","도형구분","육각형의 꼭짓점 수는?","6","5","0","0","0","0","{type:'hexagon'}"
"7","1","도형","도형구분","칠각형의 변의 수는?","7","8","0","0","0","0",""
"7","1","도형","도형구분","팔각형의 꼭짓점 수는?","8","7","0","0","0","0",""
"7","1","도형","도형구분","십각형의 변의 수는?","10","8","0","0","0","0",""
"7","1","도형","도형구분","원의 꼭짓점 수는?","0","1","0","0","0","0","{type:'circle'}"
"7","1","도형","도형구분","삼각기둥의 꼭짓점 수는?","6","5","0","0","0","0","{type:'triangle', w:'', h:''}"
"7","1","도형","도형구분","삼각기둥의 면의 수는?","5","6","0","0","0","0","{type:'triangle', w:'', h:''}"
"7","1","도형","도형구분","삼각기둥의 모서리 수는?","9","6","0","0","0","0","{type:'triangle', w:'', h:''}"
"7","1","도형","도형구분","사각기둥(직육면체)의 모서리 수?","12","8","0","0","0","0","{type:'cuboid', w:'', h:'', d:''}"
"7","1","도형","도형구분","직육면체의 꼭짓점 수는?","8","6","0","0","0","0","{type:'cuboid', w:'', h:'', d:''}"
"7","1","도형","도형구분","직육면체의 면의 수는?","6","8","0","0","0","0","{type:'cuboid', w:'', h:'', d:''}"
"7","1","도형","도형구분","사각뿔의 꼭짓점 수는?","5","6","0","0","0","0","{type:'square', w:''}"
"7","1","도형","도형구분","사각뿔의 면의 수는?","5","4","0","0","0","0","{type:'square', w:''}"
"7","1","도형","도형구분","사각뿔의 모서리 수는?","8","6","0","0","0","0","{type:'square', w:''}"
"7","1","도형","도형구분","정사면체의 꼭짓점 수는?","4","6","0","0","0","0",""
"7","1","도형","도형구분","정사면체의 면의 수는?","4","5","0","0","0","0",""
"7","1","도형","도형구분","정사면체의 모서리 수는?","6","4","0","0","0","0",""
"7","1","도형","도형구분","오각기둥의 면의 수는?","7","8","0","0","0","0","{type:'pentagon'}"
"7","1","도형","도형구분","오각기둥의 꼭짓점 수는?","10","8","0","0","0","0","{type:'pentagon'}"
"7","1","도형","도형구분","오각기둥의 모서리 수는?","15","10","0","0","0","0","{type:'pentagon'}"
"7","1","도형","도형구분","육각기둥의 꼭짓점 수는?","12","10","0","0","0","0",""
"7","1","도형","도형구분","육각기둥의 면의 수는?","8","6","0","0","0","0",""
"7","1","도형","도형구분","원기둥의 밑면은 몇 개?","2","1","0","0","0","0","{type:'circle'}"
"7","1","도형","도형구분","원뿔의 꼭짓점 수는?","1","0","0","0","0","0","{type:'triangle', w:'', h:''}"
"7","1","도형","도형구분","구의 꼭짓점 수는?","0","1","0","0","0","0","{type:'circle'}"
"7","1","도형","도형구분","삼각형과 사각형의 꼭짓점 합은?","7","8","0","0","0","0",""
"7","1","도형","도형구분","오각형과 삼각형의 변의 수 합은?","8","7","0","0","0","0",""
"7","1","도형","도형구분","정육면체 꼭짓점수 + 면의 수는?","14","12","0","0","0","0",""
"7","1","도형","도형구분","직육면체 모서리수 - 꼭짓점수는?","4","6","0","0","0","0",""
"7","2","도형","둘레구하기","가로 {A}, 세로 {B}인 직사각형의 둘레?","(A+B)*2","(A+B)*2+2","rand(3,15)","rand(3,15)","0","0","{type:'rect', w:A, h:B}"
"7","2","도형","둘레구하기","한 변이 {A}인 정사각형의 둘레?","A*4","A*4+2","rand(2,20)","0","0","0","{type:'square', w:A}"
"7","2","도형","둘레구하기","한 변이 {A}인 정삼각형의 둘레?","A*3","A*3+3","rand(2,20)","0","0","0","{type:'equilateral_triangle', w:A}"
"7","2","도형","둘레구하기","등변 {A}, 밑변 {B}인 이등변삼각형 둘레?","A*2+B","A*2+B+2","rand(4,15)","rand(3,12)","0","0","{type:'isosceles_triangle', a:A, w:B}"
"7","2","도형","둘레구하기","한 변이 {A}인 마름모의 둘레?","A*4","A*4+4","rand(3,15)","0","0","0",""
"7","2","도형","둘레구하기","이웃한 두 변이 {A}, {B}인 평행사변형 둘레?","(A+B)*2","(A+B)*2+2","rand(3,12)","rand(3,12)","0","0","{type:'parallelogram', w:A, h:B}"
"7","2","도형","둘레구하기","한 변이 {A}인 정오각형의 둘레?","A*5","A*5+5","rand(2,12)","0","0","0",""
"7","2","도형","둘레구하기","한 변이 {A}인 정육각형의 둘레?","A*6","A*6+6","rand(2,10)","0","0","0",""
"7","2","도형","둘레구하기","네 변이 {A}, {B}, {C}, {D}인 사다리꼴 둘레?","A+B+C+D","A+B+C+D+2","rand(2,6)","rand(3,7)","rand(4,8)","rand(5,9)",""
"7","2","도형","둘레구하기","한 변이 {A}인 정팔각형의 둘레?","A*8","A*8+8","rand(2,8)","0","0","0",""
"7","3","도형","넓이구하기","가로 {A}, 세로 {B}인 직사각형 넓이?","A*B","A*B+A","rand(3,12)","rand(3,12)","0","0","{type:'rect', w:A, h:B}"
"7","3","도형","넓이구하기","한 변이 {A}인 정사각형의 넓이?","A*A","A*A+A","rand(2,16)","0","0","0","{type:'square', w:A}"
"7","3","도형","넓이구하기","밑변 {A}, 높이 {B}인 삼각형의 넓이?","(A*B)/2","(A*B)","rand(2,9)*2","rand(3,11)","0","0","{type:'triangle', w:A, h:B}"
"7","3","도형","넓이구하기","밑변 {A}, 높이 {B}인 평행사변형 넓이?","A*B","A*B+A","rand(3,12)","rand(3,9)","0","0","{type:'parallelogram', w:A, h:B}"
"7","3","도형","넓이구하기","윗변 {A}, 아랫변 {B}, 높이 {C}인 사다리꼴 넓이?","((A+B)*C)/2","(A+B)*C","rand(2,7)","rand(5,11)","pick(2,4,6)","0","{type:'trapezoid', a:A, b:B, h:C}"
"7","3","도형","넓이구하기","두 대각선이 {A}, {B}인 마름모의 넓이?","(A*B)/2","(A*B)","rand(2,8)*2","rand(3,10)","0","0",""
"7","3","도형","넓이구하기","밑변 {A}, 높이 {B}인 직각삼각형 넓이?","(A*B)/2","(A*B)","rand(2,8)*2","rand(3,9)","0","0",""
"7","3","도형","넓이구하기","정사각형 둘레가 {A*4}일 때 넓이는?","A*A","(A+1)*(A+1)","rand(3,12)","0","0","0",""
"7","3","도형","넓이구하기","직사각형 둘레가 {(A+B)*2}, 가로가 {A}일 때 넓이는?","A*B","A*(B+1)","rand(3,10)","rand(2,8)","0","0",""
"7","3","도형","넓이구하기","가로 {A}, 세로 {B}인 직사각형과 한 변 {C}인 정사각형 중 넓이가 큰 것은?","A*B > C*C ? '직사각형' : '정사각형'","A*B < C*C ? '직사각형' : '정사각형'","rand(3,8)","rand(4,9)","A*B === 16 ? 5 : (A*B === 25 ? 6 : (A*B === 36 ? 7 : (A*B === 9 ? 4 : 4)))","0",""
"7","4","도형","부피구하기","한 변이 {A}인 정육면체의 부피?","A*A*A","A*A*(A+1)","rand(2,9)","0","0","0","{type:'cube', w:A}"
"7","4","도형","부피구하기","가로 {A}, 세로 {B}, 높이 {C}인 직육면체 부피?","A*B*C","A*B*(C+1)","rand(2,8)","rand(2,6)","rand(2,5)","0","{type:'cuboid', w:A, h:B, d:C}"
"7","4","도형","부피구하기","밑면넓이 {A}, 높이 {B}인 사각기둥 부피?","A*B","A*B+10","rand(10,35)","rand(3,9)","0","0",""
"7","4","도형","부피구하기","부피가 {A*A*A}인 정육면체의 한 변의 길이는?","A","A+1","rand(2,8)","0","0","0",""
"7","4","도형","부피구하기","가로 {A}, 세로 {B}, 부피가 {A*B*C}인 직육면체 높이는?","C","C+1","rand(2,7)","rand(2,6)","rand(2,6)","0",""
"7","4","도형","부피구하기","밑면넓이 {A}, 높이 {B}인 삼각기둥의 부피?","A*B","A*B+5","rand(6,25)","rand(3,8)","0","0",""
"7","4","도형","부피구하기","한 변이 {A}인 정육면체 2개의 총 부피는?","A*A*A*2","A*A*A*2+2","rand(2,6)","0","0","0",""
"7","4","도형","부피구하기","밑면이 한 변 {A}인 정사각형이고 높이가 {B}인 사각기둥 부피?","A*A*B","A*A*(B+1)","rand(2,6)","rand(3,8)","0","0",""
"7","4","도형","부피구하기","정육면체 한 모서리가 {A}배가 되면 부피는 몇 배?","(A*A*A)+'배'","(A*A)+'배'","rand(2,6)","0","0","0",""
"7","4","도형","부피구하기","직육면체 높이만 {A}배가 되면 부피는 몇 배?","A+'배'","(A*2)+'배'","rand(2,8)","0","0","0",""
"7","4","도형","부피구하기","한 변이 {A}인 정육면체 3개의 총 부피는?","A*A*A*3","A*A*A*3+3","rand(2,5)","0","0","0",""
"7","4","도형","부피구하기","가로 {A}, 세로 {A}, 높이 {B}인 직육면체 부피?","A*A*B","A*A*(B+1)","rand(2,7)","rand(2,6)","0","0",""
"7","5","도형","각도구하기","삼각형 두 각이 {A}°, {B}° 일 때 나머지 각은?","180-A-B","180-A-B+10","rand(25,75)","rand(25,75)","0","0","{type:'triangle_angle', a:A, b:B}"
"7","5","도형","각도구하기","직각삼각형 한 예각이 {A}° 일 때 다른 예각은?","90-A","90-A+10","rand(15,75)","0","0","0","{type:'right_triangle_angle', a:A}"
"7","5","도형","각도구하기","이등변삼각형 꼭지각이 {A}° 일 때 한 밑각은?","(180-A)/2","(180-A)/2+10","rand(2,8)*10","0","0","0","{type:'isosceles_angle', a:A}"
"7","5","도형","각도구하기","이등변삼각형 한 밑각이 {A}° 일 때 꼭지각은?","180-A*2","180-A*2+10","rand(3,8)*10","0","0","0","{type:'isosceles_angle', a:180-A*2}"
"7","5","도형","각도구하기","평행사변형 한 각이 {A}° 일 때 이웃한 각은?","180-A","180-A+10","rand(4,8)*10+pick(0,5)","0","0","0","{type:'parallelogram', w:'', h:''}"
"7","5","도형","각도구하기","평행사변형 한 각이 {A}° 일 때 마주보는 각은?","A","180-A","rand(4,8)*10+pick(0,5)","0","0","0","{type:'parallelogram', w:'', h:''}"
"7","5","도형","각도구하기","정{A}각형의 한 내각의 크기는?","((A-2)*180/A)+'°'","((A-2)*180/A+15)+'°'","pick(3,4,5,6,8,10,12)","0","0","0",""
"7","5","도형","각도구하기","{A}각형의 내각의 총합은?","((A-2)*180)+'°'","((A-2)*180+180)+'°'","rand(4,12)","0","0","0",""
"7","5","도형","각도구하기","정{A}각형의 한 외각의 크기는?","(360/A)+'°'","(360/A+10)+'°'","pick(3,4,5,6,8,9,10,12)","0","0","0",""
"7","5","도형","각도구하기","{A}각형의 외각의 총합은 항상 몇 도?","'360°'","((A-2)*180+90)+'°'","rand(3,10)","0","0","0",""
"7","5","도형","각도구하기","삼각형 두 밑각이 각각 {A}°인 이등변삼각형의 꼭지각은?","180-A*2","180-A*2+10","rand(25,75)","0","0","0",""
"7","5","도형","각도구하기","삼각형의 한 각이 {A}°, 다른 각이 직각(90°)일 때 나머지 각은?","90-A","90-A+10","rand(15,75)","0","0","0",""
"8","1","비율","단순비교","{A}% 와 {B}% 중 큰 것은?","A>B ? A+'%' : B+'%'","A<B ? A+'%' : B+'%'","rand(5,50)","A+rand(5,35)","0","0",""
"8","1","비율","단순비교","{A}% 와 {B}% 중 작은 것은?","A<B ? A+'%' : B+'%'","A>B ? A+'%' : B+'%'","rand(5,50)","A+rand(5,35)","0","0",""
"8","1","비율","단순비교","{A}% 와 같은 분수는?","C","A===50?'1/3':'1/2'","pick(10,20,25,40,50,60,75,80)","0","({10:'1/10', 20:'1/5', 25:'1/4', 40:'2/5', 50:'1/2', 60:'3/5', 75:'3/4', 80:'4/5'}[A])","0",""
"8","1","비율","단순비교","분수 {A} 를 백분율(%)로?","C","C==='50%'?'25%':'50%'","pick('1/2','1/4','3/4','1/5','2/5','3/5','4/5','1/10')","0","({'1/2':'50%','1/4':'25%','3/4':'75%','1/5':'20%','2/5':'40%','3/5':'60%','4/5':'80%','1/10':'10%'}[A])","0",""
"8","1","비율","단순비교","{A*10}% 는 기약분수로 얼마일까?","C","C==='1/2'?'1/4':'1/2'","rand(1,9)","0","({1:'1/10',2:'1/5',3:'3/10',4:'2/5',5:'1/2',6:'3/5',7:'7/10',8:'4/5',9:'9/10'}[A])","0",""
"8","1","비율","단순비교","{A*25}% 는 분수로 얼마일까?","C","C==='1/2'?'1/4':'1/2'","pick(1,2,3)","0","({1:'1/4',2:'1/2',3:'3/4'}[A])","0",""
"8","1","비율","단순비교","{A}% 는 소수로 얼마일까?","(A/100).toFixed(2)","(A/10).toFixed(1)","rand(5,95)","0","0","0",""
"8","1","비율","단순비교","{A}% 에 몇 %를 더해야 100%가 될까?","(100-A)+'%'","(100-A+10)+'%'","rand(5,95)","0","0","0",""
"8","1","비율","단순비교","{A}% 와 50% 중 큰 것은?","A>50? A+'%' : '50%'","A<50? A+'%' : '50%'","pick(15,25,35,45,55,65,75,85)","0","0","0",""
"8","1","비율","단순비교","{A}% 와 100% 중 100%가 되려면 몇 % 필요?","(100-A)+'%'","(100-A+10)+'%'","rand(10,90)","0","0","0",""
"8","1","비율","단순비교","{A*5}% 와 {B*5}% 의 합은 몇 %?","(A*5+B*5)+'%'","(A*5+B*5+10)+'%'","rand(2,9)","rand(2,9)","0","0",""
"8","1","비율","단순비교","{A}% 의 절반은 몇 %?","(A/2)+'%'","(A/2+5)+'%'","rand(2,18)*5","0","0","0",""
"8","2","비율","비율계산","{A} 의 {B}% 는?","(A*B)/100","(A*B)/100+10","rand(2,18)*10","pick(10,20,25,30,40,50,60,75)","0","0",""
"8","2","비율","비율계산","{A*B/100} 은 {A} 의 몇 %?","B+'%'","(B+10)+'%'","rand(2,15)*10","pick(10,20,50)","0","0",""
"8","2","비율","비율계산","{A} 의 50% (절반)는?","A/2","A/2+5","rand(2,20)*10","0","0","0",""
"8","2","비율","비율계산","{A} 의 10% 는?","A/10","A/10+1","rand(2,20)*10","0","0","0",""
"8","2","비율","비율계산","{A} 의 25% 는?","A/4","A/4+2","rand(2,15)*40","0","0","0",""
"8","2","비율","비율계산","{A} 의 20% 는?","A/5","A/5+2","rand(2,15)*50","0","0","0",""
"8","2","비율","비율계산","100 의 {A}% 는 얼마일까?","A","A+10","rand(5,95)","0","0","0",""
"8","2","비율","비율계산","200 의 {A}% 는 얼마일까?","A*2","A*2+10","rand(5,50)","0","0","0",""
"8","2","비율","비율계산","{A}명이 있는 반에서 {B}%는 몇 명?","(A*B)/100","(A*B)/100+2","rand(2,5)*10","pick(10,20,30,50)","0","0",""
"8","2","비율","비율계산","원가 {A}원의 10% 할인가격은 얼마 할인?","A/10","A/10+500","rand(2,10)*1000","0","0","0",""
"8","3","비율","소수비율","소수 {A} 은(는) 몇 %?","Math.round(A*100)+'%'","Math.round(A*10)+'%'","rand(1,95)/100","0","0","0",""
"8","3","비율","소수비율","소수 0.{A} 은 몇 %?","(A*10)+'%'","(A*10+10)+'%'","rand(1,9)","0","0","0",""
"8","3","비율","소수비율","소수 0.0{A} 은 몇 %?","A+'%'","(A*10)+'%'","rand(1,9)","0","0","0",""
"8","3","비율","소수비율","소수 1.{A} 은 몇 %?","(100+A*10)+'%'","(100+A)+'%'","rand(1,9)","0","0","0",""
"8","3","비율","소수비율","{A}% 를 소수로 나타내면?","(A/100).toFixed(2)","(A/10).toFixed(1)","rand(5,95)","0","0","0",""
"8","3","비율","소수비율","{A*10}% 를 소수로 나타내면?","'0.'+A","'0.0'+A","rand(1,9)","0","0","0",""
"8","3","비율","소수비율","{A}% 를 소수로 나타내면? (한자리%)","'0.0'+A","'0.'+A","rand(1,9)","0","0","0",""
"8","3","비율","소수비율","소수 0.{A}5 는 몇 %일까?","(A*10+5)+'%'","(A*10+10)+'%'","rand(1,9)","0","0","0",""
"8","3","비율","소수비율","소수 0.0{A}5 는 몇 %일까?","(A+0.5)+'%'","(A+1)+'%'","rand(1,9)","0","0","0",""
"8","3","비율","소수비율","소수 2.{A} 는 몇 %일까?","(200+A*10)+'%'","(200+A)+'%'","rand(1,9)","0","0","0",""
"8","3","비율","소수비율","{A*5}% 를 소수로 나타내면?","((A*5)/100).toFixed(2)","((A*5)/10).toFixed(1)","rand(1,19)","0","0","0",""
"8","3","비율","소수비율","소수 {(A/100).toFixed(2)} 와 {B}% 중 큰 것은?","A>B ? (A/100).toFixed(2) : B+'%'","A<B ? (A/100).toFixed(2) : B+'%'","rand(10,50)","A+rand(5,35)","0","0",""
"9","1","기타","시그마","1부터 {A}까지의 합은? (Σ)","A*(A+1)/2","A*(A+1)/2+A","rand(4,25)","0","0","0",""
"9","1","기타","시그마","{A}부터 {B}까지 자연수의 합은?","(A+B)*(B-A+1)/2","(A+B)*(B-A+1)/2+10","pick(5,10,15,20,25)","A+pick(5,9,10,14)","0","0",""
"9","1","기타","시그마","{A} + {A+1} + ... + {A+9} = ? (연속 10개 자연수 합)","(A*2+9)*5","(A*2+9)*5+10","rand(1,30)","0","0","0",""
"9","1","기타","시그마","{A} + {A+1} + {A+2} + {A+3} + {A+4} = ? (연속 5개 합)","(A+2)*5","(A+2)*5+5","rand(1,50)","0","0","0",""
"9","1","기타","시그마","1부터 {A*10}까지 자연수의 합은?","(A*10*(A*10+1)/2)","(A*10*(A*10+1)/2+10)","rand(1,10)","0","0","0",""
"9","1","기타","시그마","1부터 {A}까지 자연수의 합은? (N=20~40)","(A*(A+1)/2)","(A*(A+1)/2+10)","rand(20,40)","0","0","0",""
"9","1","기타","시그마","{A}부터 {A+8}까지 홀수 5개의 합은?","(A+4)*5","(A+4)*5+10","rand(1,20)*2+1","0","0","0",""
"9","1","기타","시그마","짝수 2 + 4 + ... + {A} 의 합은?","(A/2)*(A/2+1)","(A/2)*(A/2+1)+2","pick(8,10,12,14,16,18,20,22,24,26,28,30)","0","0","0",""
"9","1","기타","시그마","홀수 1 + 3 + ... + {A} 의 합은?","((A+1)/2)*((A+1)/2)","((A+1)/2)*((A+1)/2)+2","pick(7,9,11,13,15,17,19,21,23,25,27,29)","0","0","0",""
"9","1","기타","시그마","호환수 묶음: ({A}+{10-A}) × {B} = ?","10*B","10*B+10","rand(1,9)","rand(2,15)","0","0",""
"9","1","기타","시그마","호환수 묶음: ({A*10}+{100-A*10}) + {B} = ?","100+B","100+B+10","rand(1,9)","rand(10,90)","0","0",""
"9","1","기타","시그마","호환수 묶음: ({A}+{20-A}) + {B} = ?","20+B","20+B+5","rand(1,9)","rand(5,25)","0","0",""
"9","1","기타","시그마","1 + 2 + 4 + ... + {Math.pow(2, A)} = ? (2의 거듭제곱의 합)","Math.pow(2, A+1)-1","Math.pow(2, A+1)","pick(3,4,5,6)","0","0","0",""
"9","1","기타","시그마","1 + 2 + 4 + 8 = ? (2의 거듭제곱 4개 합)","'15'","'16'","0","0","0","0",""
"9","1","기타","시그마","1 + 2 + 4 + 8 + 16 = ? (2의 거듭제곱 5개 합)","'31'","'32'","0","0","0","0",""
"9","1","기타","시그마","1 + 2 + 4 + 8 + 16 + 32 = ? (2의 거듭제곱 6개 합)","'63'","'64'","0","0","0","0",""
"9","1","기타","시그마","짝수의 합: 2 + 4 + 6 + 8 + 10 = ? (짝수 5개)","'30'","'28'","0","0","0","0",""
"9","1","기타","시그마","3의 배수의 합: 3 + 6 + 9 + 12 = ? (3의 배수 4개)","'30'","'33'","0","0","0","0",""
"9","1","기타","시그마","3의 배수의 합: 3 + 6 + 9 + 12 + 15 = ? (3의 배수 5개)","'45'","'48'","0","0","0","0",""
"9","1","기타","시그마","{A} + {A*2} + {A*3} + {A*4} = ? ({A}의 배수 4개 합: {A}×10)","A*10","A*10+A","rand(2,9)","0","0","0",""
"9","1","기타","시그마","{A} + {A*2} + {A*3} + {A*4} + {A*5} = ? ({A}의 배수 5개 합: {A}×15)","A*15","A*15+A","rand(2,8)","0","0","0",""
"9","1","기타","시그마","4의 배수의 합: 4 + 8 + 12 + 16 = ? (4 × 10)","'40'","'44'","0","0","0","0",""
"9","1","기타","시그마","5의 배수의 합: 5 + 10 + 15 + 20 = ? (5 × 10)","'50'","'55'","0","0","0","0",""
"9","2","기타","방정식","x + {A} = {B}, x는?","B-A","B-A+1","rand(3,15)","rand(16,30)","0","0",""
"9","2","기타","방정식","x - {A} = {B}, x는?","B+A","B+A-1","rand(3,15)","rand(5,20)","0","0",""
"9","2","기타","방정식","{A}x = {B}, x는?","B/A","B/A+1","rand(2,8)","A*rand(2,9)","0","0",""
"9","2","기타","방정식","2x + {B} = {C}, x는?","A","A+1","rand(2,9)","rand(1,7)","A*2+B","0",""
"9","2","기타","방정식","3x - {B} = {C}, x는?","A","A+1","rand(2,8)","rand(1,6)","A*3-B","0",""
"9","2","기타","방정식","3x + {B} = x + {B + A*2}, x는?","A","A+1","rand(2,8)","rand(1,7)","0","0",""
"9","2","기타","방정식","4x - {B} = 2x + {A*2 - B}, x는?","A","A+1","rand(3,8)","rand(1,5)","0","0",""
"9","2","기타","방정식","연속하는 두 수의 합: x + (x+1) = {A*2+1}, x는?","A","A+1","rand(3,15)","0","0","0",""
"9","2","기타","방정식","연속하는 세 수의 합: x + (x+1) + (x+2) = {A*3+3}, 가장 작은 x는?","A","A+1","rand(2,12)","0","0","0",""
"9","2","기타","방정식","연속하는 두 짝수의 합: x + (x+2) = {A*2+2}, 작은 짝수 x는?","A","A+2","rand(2,8)*2","0","0","0",""
"9","3","기타","팩토리얼","{A}! (팩토리얼) = ?","factorial(A)","factorial(A)+A","pick(1,2,3,4,5,6)","0","0","0",""
"9","3","기타","팩토리얼","{A}! + {B}! = ?","factorial(A)+factorial(B)","factorial(A)+factorial(B)+1","pick(2,3,4,5)","pick(2,3,4)","0","0",""
"9","3","기타","팩토리얼","{A}! - {B}! = ?","factorial(A)-factorial(B)","factorial(A)-factorial(B)+1","pick(3,4,5,6)","pick(2,3,4)","0","0",""
"9","3","기타","팩토리얼","{A}! ÷ {A-1}! = ?","A","A+1","pick(3,4,5,6,7,8)","0","0","0",""
"9","3","기타","팩토리얼","{A}! ÷ {A-2}! = ?","A*(A-1)","A*(A-1)+1","pick(4,5,6,7)","0","0","0",""
"9","3","기타","팩토리얼","{A}! × {B} = ?","factorial(A)*B","factorial(A)*B+2","pick(2,3,4)","pick(2,3,4,5,6,7)","0","0",""
"9","3","기타","팩토리얼","{A}! ÷ {B} = ?","factorial(A)/B","factorial(A)/B+1","pick(3,4,5)","pick(2,3,4)","0","0",""
"9","3","기타","팩토리얼","{A}! ÷ {A} = ?","factorial(A-1)","factorial(A-1)+1","rand(3,7)","0","0","0",""
"9","3","기타","팩토리얼","{A}! ÷ ({A}! ÷ {B}) = ?","B","B+1","rand(3,7)","rand(2,9)","0","0",""
"9","3","기타","팩토리얼","{A}! × 1 = ?","factorial(A)","factorial(A)+2","rand(2,6)","0","0","0",""
"9","3","기타","팩토리얼","{A}! + 1 = ?","factorial(A)+1","factorial(A)+2","rand(2,5)","0","0","0",""
"9","3","기타","팩토리얼","{A}! - 1 = ?","factorial(A)-1","factorial(A)-2","rand(3,5)","0","0","0",""
"9","4","기타","쌓기나무","[모양 A] 그림의 쌓기나무는 모두 몇 개?","4","5","0","0","0","0","{type:'stack_cubes', grid:[[2,1],[1,0]]}"
"9","4","기타","쌓기나무","[모양 A] 1층(바닥)에 있는 쌓기나무의 수는?","3","4","0","0","0","0","{type:'stack_cubes', grid:[[2,1],[1,0]]}"
"9","4","기타","쌓기나무","[모양 A] 2층에 올려진 쌓기나무의 수는?","1","2","0","0","0","0","{type:'stack_cubes', grid:[[2,1],[1,0]]}"
"9","4","기타","쌓기나무","[모양 A] 위에서 보았을 때 보이는 정사각형 수는?","3","4","0","0","0","0","{type:'stack_cubes', grid:[[2,1],[1,0]], view:'top'}"
"9","4","기타","쌓기나무","[모양 A] 앞에서 보았을 때 가장 높은 층수는?","'2층'","'1층'","0","0","0","0","{type:'stack_cubes', grid:[[2,1],[1,0]], view:'front'}"
"9","4","기타","쌓기나무","[모양 A] 옆(우측)에서 보았을 때 가장 높은 층수는?","'2층'","'1층'","0","0","0","0","{type:'stack_cubes', grid:[[2,1],[1,0]], view:'side'}"
"9","4","기타","쌓기나무","[모양 A] 겹쳐지지 않고 1개만 놓인 나무(1층 단독)는 몇 개?","2","3","0","0","0","0","{type:'stack_cubes', grid:[[2,1],[1,0]]}"
"9","4","기타","쌓기나무","[모양 A] 1층 위에 겹쳐 쌓은 나무(2·3층)는 모두 몇 개?","1","2","0","0","0","0","{type:'stack_cubes', grid:[[2,1],[1,0]]}"
"9","4","기타","쌓기나무","[모양 A] 2층 이상으로 겹쳐 쌓여 있는 자리는 몇 곳?","1","2","0","0","0","0","{type:'stack_cubes', grid:[[2,1],[1,0]]}"
"9","4","기타","쌓기나무","[모양 B] 그림의 쌓기나무는 모두 몇 개?","5","6","0","0","0","0","{type:'stack_cubes', grid:[[2,2],[1,0]]}"
"9","4","기타","쌓기나무","[모양 B] 1층(바닥)에 있는 쌓기나무의 수는?","3","4","0","0","0","0","{type:'stack_cubes', grid:[[2,2],[1,0]]}"
"9","4","기타","쌓기나무","[모양 B] 2층에 올려진 쌓기나무의 수는?","2","3","0","0","0","0","{type:'stack_cubes', grid:[[2,2],[1,0]]}"
"9","4","기타","쌓기나무","[모양 B] 위에서 보았을 때 보이는 정사각형 수는?","3","4","0","0","0","0","{type:'stack_cubes', grid:[[2,2],[1,0]], view:'top'}"
"9","4","기타","쌓기나무","[모양 B] 앞에서 보았을 때 가장 높은 층수는?","'2층'","'1층'","0","0","0","0","{type:'stack_cubes', grid:[[2,2],[1,0]], view:'front'}"
"9","4","기타","쌓기나무","[모양 B] 옆(우측)에서 보았을 때 가장 높은 층수는?","'2층'","'1층'","0","0","0","0","{type:'stack_cubes', grid:[[2,2],[1,0]], view:'side'}"
"9","4","기타","쌓기나무","[모양 B] 겹쳐지지 않고 1개만 놓인 나무(1층 단독)는 몇 개?","1","2","0","0","0","0","{type:'stack_cubes', grid:[[2,2],[1,0]]}"
"9","4","기타","쌓기나무","[모양 B] 1층 위에 겹쳐 쌓은 나무(2·3층)는 모두 몇 개?","2","3","0","0","0","0","{type:'stack_cubes', grid:[[2,2],[1,0]]}"
"9","4","기타","쌓기나무","[모양 B] 2층 이상으로 겹쳐 쌓여 있는 자리는 몇 곳?","2","3","0","0","0","0","{type:'stack_cubes', grid:[[2,2],[1,0]]}"
"9","4","기타","쌓기나무","[모양 C] 그림의 쌓기나무는 모두 몇 개?","6","7","0","0","0","0","{type:'stack_cubes', grid:[[2,1],[2,1]]}"
"9","4","기타","쌓기나무","[모양 C] 1층(바닥)에 있는 쌓기나무의 수는?","4","5","0","0","0","0","{type:'stack_cubes', grid:[[2,1],[2,1]]}"
"9","4","기타","쌓기나무","[모양 C] 2층에 올려진 쌓기나무의 수는?","2","3","0","0","0","0","{type:'stack_cubes', grid:[[2,1],[2,1]]}"
"9","4","기타","쌓기나무","[모양 C] 위에서 보았을 때 보이는 정사각형 수는?","4","5","0","0","0","0","{type:'stack_cubes', grid:[[2,1],[2,1]], view:'top'}"
"9","4","기타","쌓기나무","[모양 C] 앞에서 보았을 때 가장 높은 층수는?","'2층'","'1층'","0","0","0","0","{type:'stack_cubes', grid:[[2,1],[2,1]], view:'front'}"
"9","4","기타","쌓기나무","[모양 C] 옆(우측)에서 보았을 때 가장 높은 층수는?","'2층'","'1층'","0","0","0","0","{type:'stack_cubes', grid:[[2,1],[2,1]], view:'side'}"
"9","4","기타","쌓기나무","[모양 C] 겹쳐지지 않고 1개만 놓인 나무(1층 단독)는 몇 개?","2","3","0","0","0","0","{type:'stack_cubes', grid:[[2,1],[2,1]]}"
"9","4","기타","쌓기나무","[모양 C] 1층 위에 겹쳐 쌓은 나무(2·3층)는 모두 몇 개?","2","3","0","0","0","0","{type:'stack_cubes', grid:[[2,1],[2,1]]}"
"9","4","기타","쌓기나무","[모양 C] 2층 이상으로 겹쳐 쌓여 있는 자리는 몇 곳?","2","3","0","0","0","0","{type:'stack_cubes', grid:[[2,1],[2,1]]}"
"9","4","기타","쌓기나무","[모양 D] 그림의 쌓기나무는 모두 몇 개?","7","8","0","0","0","0","{type:'stack_cubes', grid:[[3,2],[1,1]]}"
"9","4","기타","쌓기나무","[모양 D] 1층(바닥)에 있는 쌓기나무의 수는?","4","5","0","0","0","0","{type:'stack_cubes', grid:[[3,2],[1,1]]}"
"9","4","기타","쌓기나무","[모양 D] 2층에 올려진 쌓기나무의 수는?","2","3","0","0","0","0","{type:'stack_cubes', grid:[[3,2],[1,1]]}"
"9","4","기타","쌓기나무","[모양 D] 3층(꼭대기)에 있는 쌓기나무 수는?","1","2","0","0","0","0","{type:'stack_cubes', grid:[[3,2],[1,1]]}"
"9","4","기타","쌓기나무","[모양 D] 위에서 보았을 때 보이는 정사각형 수는?","4","5","0","0","0","0","{type:'stack_cubes', grid:[[3,2],[1,1]], view:'top'}"
"9","4","기타","쌓기나무","[모양 D] 앞에서 보았을 때 가장 높은 층수는?","'3층'","'2층'","0","0","0","0","{type:'stack_cubes', grid:[[3,2],[1,1]], view:'front'}"
"9","4","기타","쌓기나무","[모양 D] 옆(우측)에서 보았을 때 가장 높은 층수는?","'3층'","'2층'","0","0","0","0","{type:'stack_cubes', grid:[[3,2],[1,1]], view:'side'}"
"9","4","기타","쌓기나무","[모양 D] 겹쳐지지 않고 1개만 놓인 나무(1층 단독)는 몇 개?","2","3","0","0","0","0","{type:'stack_cubes', grid:[[3,2],[1,1]]}"
"9","4","기타","쌓기나무","[모양 D] 1층 위에 겹쳐 쌓은 나무(2·3층)는 모두 몇 개?","3","4","0","0","0","0","{type:'stack_cubes', grid:[[3,2],[1,1]]}"
"9","4","기타","쌓기나무","[모양 D] 2층 이상으로 겹쳐 쌓여 있는 자리는 몇 곳?","2","3","0","0","0","0","{type:'stack_cubes', grid:[[3,2],[1,1]]}"
"9","4","기타","쌓기나무","[모양 E] 그림의 쌓기나무는 모두 몇 개?","8","9","0","0","0","0","{type:'stack_cubes', grid:[[3,2],[2,1]]}"
"9","4","기타","쌓기나무","[모양 E] 1층(바닥)에 있는 쌓기나무의 수는?","4","5","0","0","0","0","{type:'stack_cubes', grid:[[3,2],[2,1]]}"
"9","4","기타","쌓기나무","[모양 E] 2층에 올려진 쌓기나무의 수는?","3","4","0","0","0","0","{type:'stack_cubes', grid:[[3,2],[2,1]]}"
"9","4","기타","쌓기나무","[모양 E] 3층(꼭대기)에 있는 쌓기나무 수는?","1","2","0","0","0","0","{type:'stack_cubes', grid:[[3,2],[2,1]]}"
"9","4","기타","쌓기나무","[모양 E] 위에서 보았을 때 보이는 정사각형 수는?","4","5","0","0","0","0","{type:'stack_cubes', grid:[[3,2],[2,1]], view:'top'}"
"9","4","기타","쌓기나무","[모양 E] 앞에서 보았을 때 가장 높은 층수는?","'3층'","'2층'","0","0","0","0","{type:'stack_cubes', grid:[[3,2],[2,1]], view:'front'}"
"9","4","기타","쌓기나무","[모양 E] 옆(우측)에서 보았을 때 가장 높은 층수는?","'3층'","'2층'","0","0","0","0","{type:'stack_cubes', grid:[[3,2],[2,1]], view:'side'}"
"9","4","기타","쌓기나무","[모양 E] 겹쳐지지 않고 1개만 놓인 나무(1층 단독)는 몇 개?","1","2","0","0","0","0","{type:'stack_cubes', grid:[[3,2],[2,1]]}"
"9","4","기타","쌓기나무","[모양 E] 1층 위에 겹쳐 쌓은 나무(2·3층)는 모두 몇 개?","4","5","0","0","0","0","{type:'stack_cubes', grid:[[3,2],[2,1]]}"
"9","4","기타","쌓기나무","[모양 E] 2층 이상으로 겹쳐 쌓여 있는 자리는 몇 곳?","3","4","0","0","0","0","{type:'stack_cubes', grid:[[3,2],[2,1]]}"
"9","4","기타","쌓기나무","[모양 F] 그림의 쌓기나무는 모두 몇 개?","8","9","0","0","0","0","{type:'stack_cubes', grid:[[3,1],[2,2]]}"
"9","4","기타","쌓기나무","[모양 F] 1층(바닥)에 있는 쌓기나무의 수는?","4","5","0","0","0","0","{type:'stack_cubes', grid:[[3,1],[2,2]]}"
"9","4","기타","쌓기나무","[모양 F] 2층에 올려진 쌓기나무의 수는?","3","4","0","0","0","0","{type:'stack_cubes', grid:[[3,1],[2,2]]}"
"9","4","기타","쌓기나무","[모양 F] 3층(꼭대기)에 있는 쌓기나무 수는?","1","2","0","0","0","0","{type:'stack_cubes', grid:[[3,1],[2,2]]}"
"9","4","기타","쌓기나무","[모양 F] 위에서 보았을 때 보이는 정사각형 수는?","4","5","0","0","0","0","{type:'stack_cubes', grid:[[3,1],[2,2]], view:'top'}"
"9","4","기타","쌓기나무","[모양 F] 앞에서 보았을 때 가장 높은 층수는?","'3층'","'2층'","0","0","0","0","{type:'stack_cubes', grid:[[3,1],[2,2]], view:'front'}"
"9","4","기타","쌓기나무","[모양 F] 옆(우측)에서 보았을 때 가장 높은 층수는?","'3층'","'2층'","0","0","0","0","{type:'stack_cubes', grid:[[3,1],[2,2]], view:'side'}"
"9","4","기타","쌓기나무","[모양 F] 겹쳐지지 않고 1개만 놓인 나무(1층 단독)는 몇 개?","1","2","0","0","0","0","{type:'stack_cubes', grid:[[3,1],[2,2]]}"
"9","4","기타","쌓기나무","[모양 F] 1층 위에 겹쳐 쌓은 나무(2·3층)는 모두 몇 개?","4","5","0","0","0","0","{type:'stack_cubes', grid:[[3,1],[2,2]]}"
"9","4","기타","쌓기나무","[모양 F] 2층 이상으로 겹쳐 쌓여 있는 자리는 몇 곳?","3","4","0","0","0","0","{type:'stack_cubes', grid:[[3,1],[2,2]]}"
"9","4","기타","쌓기나무","[모양 G] 그림의 쌓기나무는 모두 몇 개?","8","9","0","0","0","0","{type:'stack_cubes', grid:[[2,2],[2,2]]}"
"9","4","기타","쌓기나무","[모양 G] 1층(바닥)에 있는 쌓기나무의 수는?","4","5","0","0","0","0","{type:'stack_cubes', grid:[[2,2],[2,2]]}"
"9","4","기타","쌓기나무","[모양 G] 2층에 올려진 쌓기나무의 수는?","4","5","0","0","0","0","{type:'stack_cubes', grid:[[2,2],[2,2]]}"
"9","4","기타","쌓기나무","[모양 G] 위에서 보았을 때 보이는 정사각형 수는?","4","5","0","0","0","0","{type:'stack_cubes', grid:[[2,2],[2,2]], view:'top'}"
"9","4","기타","쌓기나무","[모양 G] 앞에서 보았을 때 가장 높은 층수는?","'2층'","'1층'","0","0","0","0","{type:'stack_cubes', grid:[[2,2],[2,2]], view:'front'}"
"9","4","기타","쌓기나무","[모양 G] 옆(우측)에서 보았을 때 가장 높은 층수는?","'2층'","'1층'","0","0","0","0","{type:'stack_cubes', grid:[[2,2],[2,2]], view:'side'}"
"9","4","기타","쌓기나무","[모양 G] 겹쳐지지 않고 1개만 놓인 나무(1층 단독)는 몇 개?","0","1","0","0","0","0","{type:'stack_cubes', grid:[[2,2],[2,2]]}"
"9","4","기타","쌓기나무","[모양 G] 1층 위에 겹쳐 쌓은 나무(2·3층)는 모두 몇 개?","4","5","0","0","0","0","{type:'stack_cubes', grid:[[2,2],[2,2]]}"
"9","4","기타","쌓기나무","[모양 G] 2층 이상으로 겹쳐 쌓여 있는 자리는 몇 곳?","4","5","0","0","0","0","{type:'stack_cubes', grid:[[2,2],[2,2]]}"
"9","4","기타","쌓기나무","[모양 H] 그림의 쌓기나무는 모두 몇 개?","7","8","0","0","0","0","{type:'stack_cubes', grid:[[3,3],[1,0]]}"
"9","4","기타","쌓기나무","[모양 H] 1층(바닥)에 있는 쌓기나무의 수는?","3","4","0","0","0","0","{type:'stack_cubes', grid:[[3,3],[1,0]]}"
"9","4","기타","쌓기나무","[모양 H] 2층에 올려진 쌓기나무의 수는?","3","4","0","0","0","0","{type:'stack_cubes', grid:[[3,3],[1,0]]}"
"9","4","기타","쌓기나무","[모양 H] 3층(꼭대기)에 있는 쌓기나무 수는?","1","2","0","0","0","0","{type:'stack_cubes', grid:[[3,3],[1,0]]}"
"9","4","기타","쌓기나무","[모양 H] 위에서 보았을 때 보이는 정사각형 수는?","3","4","0","0","0","0","{type:'stack_cubes', grid:[[3,3],[1,0]], view:'top'}"
"9","4","기타","쌓기나무","[모양 H] 앞에서 보았을 때 가장 높은 층수는?","'3층'","'2층'","0","0","0","0","{type:'stack_cubes', grid:[[3,3],[1,0]], view:'front'}"
"9","4","기타","쌓기나무","[모양 H] 옆(우측)에서 보았을 때 가장 높은 층수는?","'3층'","'2층'","0","0","0","0","{type:'stack_cubes', grid:[[3,3],[1,0]], view:'side'}"
"9","4","기타","쌓기나무","[모양 H] 겹쳐지지 않고 1개만 놓인 나무(1층 단독)는 몇 개?","1","2","0","0","0","0","{type:'stack_cubes', grid:[[3,3],[1,0]]}"
"9","4","기타","쌓기나무","[모양 H] 1층 위에 겹쳐 쌓은 나무(2·3층)는 모두 몇 개?","4","5","0","0","0","0","{type:'stack_cubes', grid:[[3,3],[1,0]]}"
"9","4","기타","쌓기나무","[모양 H] 2층 이상으로 겹쳐 쌓여 있는 자리는 몇 곳?","3","4","0","0","0","0","{type:'stack_cubes', grid:[[3,3],[1,0]]}"
"9","4","기타","쌓기나무","[모양 I] 그림의 쌓기나무는 모두 몇 개?","9","10","0","0","0","0","{type:'stack_cubes', grid:[[3,2],[2,2]]}"
"9","4","기타","쌓기나무","[모양 I] 1층(바닥)에 있는 쌓기나무의 수는?","4","5","0","0","0","0","{type:'stack_cubes', grid:[[3,2],[2,2]]}"
"9","4","기타","쌓기나무","[모양 I] 2층에 올려진 쌓기나무의 수는?","4","5","0","0","0","0","{type:'stack_cubes', grid:[[3,2],[2,2]]}"
"9","4","기타","쌓기나무","[모양 I] 3층(꼭대기)에 있는 쌓기나무 수는?","1","2","0","0","0","0","{type:'stack_cubes', grid:[[3,2],[2,2]]}"
"9","4","기타","쌓기나무","[모양 I] 위에서 보았을 때 보이는 정사각형 수는?","4","5","0","0","0","0","{type:'stack_cubes', grid:[[3,2],[2,2]], view:'top'}"
"9","4","기타","쌓기나무","[모양 I] 앞에서 보았을 때 가장 높은 층수는?","'3층'","'2층'","0","0","0","0","{type:'stack_cubes', grid:[[3,2],[2,2]], view:'front'}"
"9","4","기타","쌓기나무","[모양 I] 옆(우측)에서 보았을 때 가장 높은 층수는?","'3층'","'2층'","0","0","0","0","{type:'stack_cubes', grid:[[3,2],[2,2]], view:'side'}"
"9","4","기타","쌓기나무","[모양 I] 겹쳐지지 않고 1개만 놓인 나무(1층 단독)는 몇 개?","0","1","0","0","0","0","{type:'stack_cubes', grid:[[3,2],[2,2]]}"
"9","4","기타","쌓기나무","[모양 I] 1층 위에 겹쳐 쌓은 나무(2·3층)는 모두 몇 개?","5","6","0","0","0","0","{type:'stack_cubes', grid:[[3,2],[2,2]]}"
"9","4","기타","쌓기나무","[모양 I] 2층 이상으로 겹쳐 쌓여 있는 자리는 몇 곳?","4","5","0","0","0","0","{type:'stack_cubes', grid:[[3,2],[2,2]]}"
"9","4","기타","쌓기나무","[모양 J] 그림의 쌓기나무는 모두 몇 개?","9","10","0","0","0","0","{type:'stack_cubes', grid:[[3,3],[2,1]]}"
"9","4","기타","쌓기나무","[모양 J] 1층(바닥)에 있는 쌓기나무의 수는?","4","5","0","0","0","0","{type:'stack_cubes', grid:[[3,3],[2,1]]}"
"9","4","기타","쌓기나무","[모양 J] 2층에 올려진 쌓기나무의 수는?","4","5","0","0","0","0","{type:'stack_cubes', grid:[[3,3],[2,1]]}"
"9","4","기타","쌓기나무","[모양 J] 3층(꼭대기)에 있는 쌓기나무 수는?","1","2","0","0","0","0","{type:'stack_cubes', grid:[[3,3],[2,1]]}"
"9","4","기타","쌓기나무","[모양 J] 위에서 보았을 때 보이는 정사각형 수는?","4","5","0","0","0","0","{type:'stack_cubes', grid:[[3,3],[2,1]], view:'top'}"
"9","4","기타","쌓기나무","[모양 J] 앞에서 보았을 때 가장 높은 층수는?","'3층'","'2층'","0","0","0","0","{type:'stack_cubes', grid:[[3,3],[2,1]], view:'front'}"
"9","4","기타","쌓기나무","[모양 J] 옆(우측)에서 보았을 때 가장 높은 층수는?","'3층'","'2층'","0","0","0","0","{type:'stack_cubes', grid:[[3,3],[2,1]], view:'side'}"
"9","4","기타","쌓기나무","[모양 J] 겹쳐지지 않고 1개만 놓인 나무(1층 단독)는 몇 개?","1","2","0","0","0","0","{type:'stack_cubes', grid:[[3,3],[2,1]]}"
"9","4","기타","쌓기나무","[모양 J] 1층 위에 겹쳐 쌓은 나무(2·3층)는 모두 몇 개?","5","6","0","0","0","0","{type:'stack_cubes', grid:[[3,3],[2,1]]}"
"9","4","기타","쌓기나무","[모양 J] 2층 이상으로 겹쳐 쌓여 있는 자리는 몇 곳?","4","5","0","0","0","0","{type:'stack_cubes', grid:[[3,3],[2,1]]}"
"9","4","기타","쌓기나무","[모양 K] 그림의 쌓기나무는 모두 몇 개?","7","8","0","0","0","0","{type:'stack_cubes', grid:[[1,2],[3,1]]}"
"9","4","기타","쌓기나무","[모양 K] 1층(바닥)에 있는 쌓기나무의 수는?","4","5","0","0","0","0","{type:'stack_cubes', grid:[[1,2],[3,1]]}"
"9","4","기타","쌓기나무","[모양 K] 2층에 올려진 쌓기나무의 수는?","2","3","0","0","0","0","{type:'stack_cubes', grid:[[1,2],[3,1]]}"
"9","4","기타","쌓기나무","[모양 K] 3층(꼭대기)에 있는 쌓기나무 수는?","1","2","0","0","0","0","{type:'stack_cubes', grid:[[1,2],[3,1]]}"
"9","4","기타","쌓기나무","[모양 K] 위에서 보았을 때 보이는 정사각형 수는?","4","5","0","0","0","0","{type:'stack_cubes', grid:[[1,2],[3,1]], view:'top'}"
"9","4","기타","쌓기나무","[모양 K] 앞에서 보았을 때 가장 높은 층수는?","'3층'","'2층'","0","0","0","0","{type:'stack_cubes', grid:[[1,2],[3,1]], view:'front'}"
"9","4","기타","쌓기나무","[모양 K] 옆(우측)에서 보았을 때 가장 높은 층수는?","'3층'","'2층'","0","0","0","0","{type:'stack_cubes', grid:[[1,2],[3,1]], view:'side'}"
"9","4","기타","쌓기나무","[모양 K] 겹쳐지지 않고 1개만 놓인 나무(1층 단독)는 몇 개?","2","3","0","0","0","0","{type:'stack_cubes', grid:[[1,2],[3,1]]}"
"9","4","기타","쌓기나무","[모양 K] 1층 위에 겹쳐 쌓은 나무(2·3층)는 모두 몇 개?","3","4","0","0","0","0","{type:'stack_cubes', grid:[[1,2],[3,1]]}"
"9","4","기타","쌓기나무","[모양 K] 2층 이상으로 겹쳐 쌓여 있는 자리는 몇 곳?","2","3","0","0","0","0","{type:'stack_cubes', grid:[[1,2],[3,1]]}"
"9","4","기타","쌓기나무","[모양 L] 그림의 쌓기나무는 모두 몇 개?","8","9","0","0","0","0","{type:'stack_cubes', grid:[[2,3],[1,2]]}"
"9","4","기타","쌓기나무","[모양 L] 1층(바닥)에 있는 쌓기나무의 수는?","4","5","0","0","0","0","{type:'stack_cubes', grid:[[2,3],[1,2]]}"
"9","4","기타","쌓기나무","[모양 L] 2층에 올려진 쌓기나무의 수는?","3","4","0","0","0","0","{type:'stack_cubes', grid:[[2,3],[1,2]]}"
"9","4","기타","쌓기나무","[모양 L] 3층(꼭대기)에 있는 쌓기나무 수는?","1","2","0","0","0","0","{type:'stack_cubes', grid:[[2,3],[1,2]]}"
"9","4","기타","쌓기나무","[모양 L] 위에서 보았을 때 보이는 정사각형 수는?","4","5","0","0","0","0","{type:'stack_cubes', grid:[[2,3],[1,2]], view:'top'}"
"9","4","기타","쌓기나무","[모양 L] 앞에서 보았을 때 가장 높은 층수는?","'3층'","'2층'","0","0","0","0","{type:'stack_cubes', grid:[[2,3],[1,2]], view:'front'}"
"9","4","기타","쌓기나무","[모양 L] 옆(우측)에서 보았을 때 가장 높은 층수는?","'3층'","'2층'","0","0","0","0","{type:'stack_cubes', grid:[[2,3],[1,2]], view:'side'}"
"9","4","기타","쌓기나무","[모양 L] 겹쳐지지 않고 1개만 놓인 나무(1층 단독)는 몇 개?","1","2","0","0","0","0","{type:'stack_cubes', grid:[[2,3],[1,2]]}"
"9","4","기타","쌓기나무","[모양 L] 1층 위에 겹쳐 쌓은 나무(2·3층)는 모두 몇 개?","4","5","0","0","0","0","{type:'stack_cubes', grid:[[2,3],[1,2]]}"
"9","4","기타","쌓기나무","[모양 L] 2층 이상으로 겹쳐 쌓여 있는 자리는 몇 곳?","3","4","0","0","0","0","{type:'stack_cubes', grid:[[2,3],[1,2]]}"
"9","4","기타","쌓기나무","[모양 M] 그림의 쌓기나무는 모두 몇 개?","9","10","0","0","0","0","{type:'stack_cubes', grid:[[2,1],[3,2],[1,0]]}"
"9","4","기타","쌓기나무","[모양 M] 1층(바닥)에 있는 쌓기나무의 수는?","5","6","0","0","0","0","{type:'stack_cubes', grid:[[2,1],[3,2],[1,0]]}"
"9","4","기타","쌓기나무","[모양 M] 2층에 올려진 쌓기나무의 수는?","3","4","0","0","0","0","{type:'stack_cubes', grid:[[2,1],[3,2],[1,0]]}"
"9","4","기타","쌓기나무","[모양 M] 3층(꼭대기)에 있는 쌓기나무 수는?","1","2","0","0","0","0","{type:'stack_cubes', grid:[[2,1],[3,2],[1,0]]}"
"9","4","기타","쌓기나무","[모양 M] 위에서 보았을 때 보이는 정사각형 수는?","5","6","0","0","0","0","{type:'stack_cubes', grid:[[2,1],[3,2],[1,0]], view:'top'}"
"9","4","기타","쌓기나무","[모양 M] 앞에서 보았을 때 가장 높은 층수는?","'3층'","'2층'","0","0","0","0","{type:'stack_cubes', grid:[[2,1],[3,2],[1,0]], view:'front'}"
"9","4","기타","쌓기나무","[모양 M] 옆(우측)에서 보았을 때 가장 높은 층수는?","'3층'","'2층'","0","0","0","0","{type:'stack_cubes', grid:[[2,1],[3,2],[1,0]], view:'side'}"
"9","4","기타","쌓기나무","[모양 M] 겹쳐지지 않고 1개만 놓인 나무(1층 단독)는 몇 개?","2","3","0","0","0","0","{type:'stack_cubes', grid:[[2,1],[3,2],[1,0]]}"
"9","4","기타","쌓기나무","[모양 M] 1층 위에 겹쳐 쌓은 나무(2·3층)는 모두 몇 개?","4","5","0","0","0","0","{type:'stack_cubes', grid:[[2,1],[3,2],[1,0]]}"
"9","4","기타","쌓기나무","[모양 M] 2층 이상으로 겹쳐 쌓여 있는 자리는 몇 곳?","3","4","0","0","0","0","{type:'stack_cubes', grid:[[2,1],[3,2],[1,0]]}"
"9","4","기타","쌓기나무","[모양 N] 그림의 쌓기나무는 모두 몇 개?","11","12","0","0","0","0","{type:'stack_cubes', grid:[[2,3,1],[1,2,2]]}"
"9","4","기타","쌓기나무","[모양 N] 1층(바닥)에 있는 쌓기나무의 수는?","6","7","0","0","0","0","{type:'stack_cubes', grid:[[2,3,1],[1,2,2]]}"
"9","4","기타","쌓기나무","[모양 N] 2층에 올려진 쌓기나무의 수는?","4","5","0","0","0","0","{type:'stack_cubes', grid:[[2,3,1],[1,2,2]]}"
"9","4","기타","쌓기나무","[모양 N] 3층(꼭대기)에 있는 쌓기나무 수는?","1","2","0","0","0","0","{type:'stack_cubes', grid:[[2,3,1],[1,2,2]]}"
"9","4","기타","쌓기나무","[모양 N] 위에서 보았을 때 보이는 정사각형 수는?","6","7","0","0","0","0","{type:'stack_cubes', grid:[[2,3,1],[1,2,2]], view:'top'}"
"9","4","기타","쌓기나무","[모양 N] 앞에서 보았을 때 가장 높은 층수는?","'3층'","'2층'","0","0","0","0","{type:'stack_cubes', grid:[[2,3,1],[1,2,2]], view:'front'}"
"9","4","기타","쌓기나무","[모양 N] 옆(우측)에서 보았을 때 가장 높은 층수는?","'3층'","'2층'","0","0","0","0","{type:'stack_cubes', grid:[[2,3,1],[1,2,2]], view:'side'}"
"9","4","기타","쌓기나무","[모양 N] 겹쳐지지 않고 1개만 놓인 나무(1층 단독)는 몇 개?","2","3","0","0","0","0","{type:'stack_cubes', grid:[[2,3,1],[1,2,2]]}"
"9","4","기타","쌓기나무","[모양 N] 1층 위에 겹쳐 쌓은 나무(2·3층)는 모두 몇 개?","5","6","0","0","0","0","{type:'stack_cubes', grid:[[2,3,1],[1,2,2]]}"
"9","4","기타","쌓기나무","[모양 N] 2층 이상으로 겹쳐 쌓여 있는 자리는 몇 곳?","4","5","0","0","0","0","{type:'stack_cubes', grid:[[2,3,1],[1,2,2]]}"
"9","4","기타","쌓기나무","[모양 O] 그림의 쌓기나무는 모두 몇 개?","10","11","0","0","0","0","{type:'stack_cubes', grid:[[0,2,0],[1,3,2],[0,2,0]]}"
"9","4","기타","쌓기나무","[모양 O] 1층(바닥)에 있는 쌓기나무의 수는?","5","6","0","0","0","0","{type:'stack_cubes', grid:[[0,2,0],[1,3,2],[0,2,0]]}"
"9","4","기타","쌓기나무","[모양 O] 2층에 올려진 쌓기나무의 수는?","4","5","0","0","0","0","{type:'stack_cubes', grid:[[0,2,0],[1,3,2],[0,2,0]]}"
"9","4","기타","쌓기나무","[모양 O] 3층(꼭대기)에 있는 쌓기나무 수는?","1","2","0","0","0","0","{type:'stack_cubes', grid:[[0,2,0],[1,3,2],[0,2,0]]}"
"9","4","기타","쌓기나무","[모양 O] 위에서 보았을 때 보이는 정사각형 수는?","5","6","0","0","0","0","{type:'stack_cubes', grid:[[0,2,0],[1,3,2],[0,2,0]], view:'top'}"
"9","4","기타","쌓기나무","[모양 O] 앞에서 보았을 때 가장 높은 층수는?","'3층'","'2층'","0","0","0","0","{type:'stack_cubes', grid:[[0,2,0],[1,3,2],[0,2,0]], view:'front'}"
"9","4","기타","쌓기나무","[모양 O] 옆(우측)에서 보았을 때 가장 높은 층수는?","'3층'","'2층'","0","0","0","0","{type:'stack_cubes', grid:[[0,2,0],[1,3,2],[0,2,0]], view:'side'}"
"9","4","기타","쌓기나무","[모양 O] 겹쳐지지 않고 1개만 놓인 나무(1층 단독)는 몇 개?","1","2","0","0","0","0","{type:'stack_cubes', grid:[[0,2,0],[1,3,2],[0,2,0]]}"
"9","4","기타","쌓기나무","[모양 O] 1층 위에 겹쳐 쌓은 나무(2·3층)는 모두 몇 개?","5","6","0","0","0","0","{type:'stack_cubes', grid:[[0,2,0],[1,3,2],[0,2,0]]}"
"9","4","기타","쌓기나무","[모양 O] 2층 이상으로 겹쳐 쌓여 있는 자리는 몇 곳?","4","5","0","0","0","0","{type:'stack_cubes', grid:[[0,2,0],[1,3,2],[0,2,0]]}"
"9","4","기타","쌓기나무","[모양 P] 그림의 쌓기나무는 모두 몇 개?","12","13","0","0","0","0","{type:'stack_cubes', grid:[[3,2,1],[2,2,0],[1,1,0]]}"
"9","4","기타","쌓기나무","[모양 P] 1층(바닥)에 있는 쌓기나무의 수는?","7","8","0","0","0","0","{type:'stack_cubes', grid:[[3,2,1],[2,2,0],[1,1,0]]}"
"9","4","기타","쌓기나무","[모양 P] 2층에 올려진 쌓기나무의 수는?","4","5","0","0","0","0","{type:'stack_cubes', grid:[[3,2,1],[2,2,0],[1,1,0]]}"
"9","4","기타","쌓기나무","[모양 P] 3층(꼭대기)에 있는 쌓기나무 수는?","1","2","0","0","0","0","{type:'stack_cubes', grid:[[3,2,1],[2,2,0],[1,1,0]]}"
"9","4","기타","쌓기나무","[모양 P] 위에서 보았을 때 보이는 정사각형 수는?","7","8","0","0","0","0","{type:'stack_cubes', grid:[[3,2,1],[2,2,0],[1,1,0]], view:'top'}"
"9","4","기타","쌓기나무","[모양 P] 앞에서 보았을 때 가장 높은 층수는?","'3층'","'2층'","0","0","0","0","{type:'stack_cubes', grid:[[3,2,1],[2,2,0],[1,1,0]], view:'front'}"
"9","4","기타","쌓기나무","[모양 P] 옆(우측)에서 보았을 때 가장 높은 층수는?","'3층'","'2층'","0","0","0","0","{type:'stack_cubes', grid:[[3,2,1],[2,2,0],[1,1,0]], view:'side'}"
"9","4","기타","쌓기나무","[모양 P] 겹쳐지지 않고 1개만 놓인 나무(1층 단독)는 몇 개?","3","4","0","0","0","0","{type:'stack_cubes', grid:[[3,2,1],[2,2,0],[1,1,0]]}"
"9","4","기타","쌓기나무","[모양 P] 1층 위에 겹쳐 쌓은 나무(2·3층)는 모두 몇 개?","5","6","0","0","0","0","{type:'stack_cubes', grid:[[3,2,1],[2,2,0],[1,1,0]]}"
"9","4","기타","쌓기나무","[모양 P] 2층 이상으로 겹쳐 쌓여 있는 자리는 몇 곳?","4","5","0","0","0","0","{type:'stack_cubes', grid:[[3,2,1],[2,2,0],[1,1,0]]}"
"9","4","기타","쌓기나무","[모양 Q] 그림의 쌓기나무는 모두 몇 개?","11","12","0","0","0","0","{type:'stack_cubes', grid:[[2,1,1],[2,2,1],[1,1,0]]}"
"9","4","기타","쌓기나무","[모양 Q] 1층(바닥)에 있는 쌓기나무의 수는?","8","9","0","0","0","0","{type:'stack_cubes', grid:[[2,1,1],[2,2,1],[1,1,0]]}"
"9","4","기타","쌓기나무","[모양 Q] 2층에 올려진 쌓기나무의 수는?","3","4","0","0","0","0","{type:'stack_cubes', grid:[[2,1,1],[2,2,1],[1,1,0]]}"
"9","4","기타","쌓기나무","[모양 Q] 위에서 보았을 때 보이는 정사각형 수는?","8","9","0","0","0","0","{type:'stack_cubes', grid:[[2,1,1],[2,2,1],[1,1,0]], view:'top'}"
"9","4","기타","쌓기나무","[모양 Q] 앞에서 보았을 때 가장 높은 층수는?","'2층'","'1층'","0","0","0","0","{type:'stack_cubes', grid:[[2,1,1],[2,2,1],[1,1,0]], view:'front'}"
"9","4","기타","쌓기나무","[모양 Q] 옆(우측)에서 보았을 때 가장 높은 층수는?","'2층'","'1층'","0","0","0","0","{type:'stack_cubes', grid:[[2,1,1],[2,2,1],[1,1,0]], view:'side'}"
"9","4","기타","쌓기나무","[모양 Q] 겹쳐지지 않고 1개만 놓인 나무(1층 단독)는 몇 개?","5","6","0","0","0","0","{type:'stack_cubes', grid:[[2,1,1],[2,2,1],[1,1,0]]}"
"9","4","기타","쌓기나무","[모양 Q] 1층 위에 겹쳐 쌓은 나무(2·3층)는 모두 몇 개?","3","4","0","0","0","0","{type:'stack_cubes', grid:[[2,1,1],[2,2,1],[1,1,0]]}"
"9","4","기타","쌓기나무","[모양 Q] 2층 이상으로 겹쳐 쌓여 있는 자리는 몇 곳?","3","4","0","0","0","0","{type:'stack_cubes', grid:[[2,1,1],[2,2,1],[1,1,0]]}"
"9","5","기타","회전전개","화살표(➡️)를 시계방향 45° 회전하면?","'↘️'","'↙️'","0","0","0","0","{type:'arrow_rot', from:'➡️', deg:45}"
"9","5","기타","회전전개","화살표(➡️)를 시계방향 90° 회전하면?","'⬇️ 아래'","'⬆️ 위'","0","0","0","0","{type:'arrow_rot', from:'➡️', deg:90}"
"9","5","기타","회전전개","화살표(➡️)를 시계방향 135° 회전하면?","'↙️'","'↖️'","0","0","0","0","{type:'arrow_rot', from:'➡️', deg:135}"
"9","5","기타","회전전개","화살표(➡️)를 시계방향 180° 회전하면?","'⬅️ 왼쪽'","'⬇️ 아래'","0","0","0","0","{type:'arrow_rot', from:'➡️', deg:180}"
"9","5","기타","회전전개","화살표(➡️)를 시계방향 225° 회전하면?","'↖️'","'↗️'","0","0","0","0","{type:'arrow_rot', from:'➡️', deg:225}"
"9","5","기타","회전전개","화살표(➡️)를 시계방향 270° 회전하면?","'⬆️ 위'","'⬇️ 아래'","0","0","0","0","{type:'arrow_rot', from:'➡️', deg:270}"
"9","5","기타","회전전개","화살표(➡️)를 시계방향 315° 회전하면?","'↗️'","'↘️'","0","0","0","0","{type:'arrow_rot', from:'➡️', deg:315}"
"9","5","기타","회전전개","화살표(➡️)를 시계방향 360° 회전하면?","'➡️ 오른쪽'","'⬅️ 왼쪽'","0","0","0","0","{type:'arrow_rot', from:'➡️', deg:360}"
"9","5","기타","회전전개","화살표(➡️)를 시계방향 450° 회전하면?","'⬇️ 아래'","'⬆️ 위'","0","0","0","0","{type:'arrow_rot', from:'➡️', deg:450}"
"9","5","기타","회전전개","화살표(➡️)를 시계방향 540° 회전하면?","'⬅️ 왼쪽'","'➡️ 오른쪽'","0","0","0","0","{type:'arrow_rot', from:'➡️', deg:540}"
"9","5","기타","회전전개","화살표(➡️)를 반시계방향 45° 회전하면?","'↗️'","'↘️'","0","0","0","0","{type:'arrow_rot', from:'➡️', deg:-45}"
"9","5","기타","회전전개","화살표(➡️)를 반시계방향 90° 회전하면?","'⬆️ 위'","'⬇️ 아래'","0","0","0","0","{type:'arrow_rot', from:'➡️', deg:-90}"
"9","5","기타","회전전개","화살표(➡️)를 반시계방향 135° 회전하면?","'↖️'","'↙️'","0","0","0","0","{type:'arrow_rot', from:'➡️', deg:-135}"
"9","5","기타","회전전개","화살표(➡️)를 반시계방향 180° 회전하면?","'⬅️ 왼쪽'","'➡️ 오른쪽'","0","0","0","0","{type:'arrow_rot', from:'➡️', deg:-180}"
"9","5","기타","회전전개","화살표(⬆️)를 시계방향 45° 회전하면?","'↗️'","'↘️'","0","0","0","0","{type:'arrow_rot', from:'⬆️', deg:45}"
"9","5","기타","회전전개","화살표(⬆️)를 시계방향 90° 회전하면?","'➡️ 오른쪽'","'⬅️ 왼쪽'","0","0","0","0","{type:'arrow_rot', from:'⬆️', deg:90}"
"9","5","기타","회전전개","화살표(⬆️)를 시계방향 135° 회전하면?","'↘️'","'↙️'","0","0","0","0","{type:'arrow_rot', from:'⬆️', deg:135}"
"9","5","기타","회전전개","화살표(⬆️)를 시계방향 180° 회전하면?","'⬇️ 아래'","'⬆️ 위'","0","0","0","0","{type:'arrow_rot', from:'⬆️', deg:180}"
"9","5","기타","회전전개","화살표(⬆️)를 시계방향 225° 회전하면?","'↙️'","'↖️'","0","0","0","0","{type:'arrow_rot', from:'⬆️', deg:225}"
"9","5","기타","회전전개","화살표(⬆️)를 시계방향 270° 회전하면?","'⬅️ 왼쪽'","'➡️ 오른쪽'","0","0","0","0","{type:'arrow_rot', from:'⬆️', deg:270}"
"9","5","기타","회전전개","화살표(⬆️)를 시계방향 315° 회전하면?","'↖️'","'↗️'","0","0","0","0","{type:'arrow_rot', from:'⬆️', deg:315}"
"9","5","기타","회전전개","화살표(⬆️)를 시계방향 360° 회전하면?","'⬆️ 위'","'⬇️ 아래'","0","0","0","0","{type:'arrow_rot', from:'⬆️', deg:360}"
"9","5","기타","회전전개","화살표(⬆️)를 시계방향 450° 회전하면?","'➡️ 오른쪽'","'⬅️ 왼쪽'","0","0","0","0","{type:'arrow_rot', from:'⬆️', deg:450}"
"9","5","기타","회전전개","화살표(⬆️)를 반시계방향 90° 회전하면?","'⬅️ 왼쪽'","'➡️ 오른쪽'","0","0","0","0","{type:'arrow_rot', from:'⬆️', deg:-90}"
"9","5","기타","회전전개","화살표(⬅️)를 시계방향 90° 회전하면?","'⬆️ 위'","'⬇️ 아래'","0","0","0","0","{type:'arrow_rot', from:'⬅️', deg:90}"
"9","5","기타","회전전개","화살표(⬅️)를 시계방향 180° 회전하면?","'➡️ 오른쪽'","'⬅️ 왼쪽'","0","0","0","0","{type:'arrow_rot', from:'⬅️', deg:180}"
"9","5","기타","회전전개","화살표(⬇️)를 시계방향 90° 회전하면?","'⬅️ 왼쪽'","'➡️ 오른쪽'","0","0","0","0","{type:'arrow_rot', from:'⬇️', deg:90}"
"9","5","기타","회전전개","화살표(⬇️)를 시계방향 180° 회전하면?","'⬆️ 위'","'⬇️ 아래'","0","0","0","0","{type:'arrow_rot', from:'⬇️', deg:180}"
"9","5","기타","회전전개","주사위 전개도에서 [1]과 마주보는(평행한) 면은?","6","5","0","0","0","0","{type:'cube_net', face:1, faces:[2,4,1,3,5,6]}"
"9","5","기타","회전전개","주사위 전개도에서 [2]와 마주보는(평행한) 면은?","5","4","0","0","0","0","{type:'cube_net', face:2, faces:[2,4,1,3,5,6]}"
"9","5","기타","회전전개","주사위 전개도에서 [3]과 마주보는(평행한) 면은?","4","2","0","0","0","0","{type:'cube_net', face:3, faces:[2,4,1,3,5,6]}"
"9","5","기타","회전전개","주사위 전개도에서 [4]와 마주보는(평행한) 면은?","3","5","0","0","0","0","{type:'cube_net', face:4, faces:[2,4,1,3,5,6]}"
"9","5","기타","회전전개","주사위 전개도에서 [5]와 마주보는(평행한) 면은?","2","1","0","0","0","0","{type:'cube_net', face:5, faces:[2,4,1,3,5,6]}"
"9","5","기타","회전전개","주사위 전개도에서 [6]과 마주보는(평행한) 면은?","1","3","0","0","0","0","{type:'cube_net', face:6, faces:[2,4,1,3,5,6]}"
"9","5","기타","회전전개","전개도를 접었을 때 면 [1]과 수직으로 만나는 면의 수는?","'4개'","'5개'","0","0","0","0","{type:'cube_net', face:1, faces:[2,4,1,3,5,6]}"
"9","5","기타","회전전개","전개도를 접었을 때 면 [2]와 수직으로 만나는 면의 수는?","'4개'","'3개'","0","0","0","0","{type:'cube_net', face:2, faces:[2,4,1,3,5,6]}"
"9","5","기타","회전전개","전개도에서 면 [1]과 이웃하지(만나지) 않는 면은?","6","4","0","0","0","0","{type:'cube_net', face:1, faces:[2,4,1,3,5,6]}"
"9","5","기타","회전전개","정육면체 전개도의 전체 둘레는 모서리 몇 개 길이?","'14개'","'12개'","0","0","0","0","{type:'cube_net', face:1, faces:[2,4,1,3,5,6]}"
"9","5","기타","회전전개","전개도를 접었을 때 점 ㄱ과 만나는 꼭짓점은?","'점 ㅂ'","'점 ㄹ'","0","0","0","0","{type:'cube_net', face:1, faces:[2,4,1,3,5,6], points:[{r:0,c:1,t:'ㄱ'},{r:1,c:0,t:'ㅂ'},{r:1,c:2,t:'ㄹ'}]}"
"9","5","기타","회전전개","전개도를 접었을 때 점 ㄴ과 만나는 꼭짓점은?","'점 ㅁ'","'점 ㅅ'","0","0","0","0","{type:'cube_net', face:1, faces:[2,4,1,3,5,6], points:[{r:0,c:2,t:'ㄴ'},{r:1,c:3,t:'ㅁ'},{r:2,c:2,t:'ㅅ'}]}"
"9","6","기타","규칙찾기","{A}, {A+B}, {A+B*2}, {A+B*3}, [ ? ]","A+B*4","A+B*4-1","rand(1,20)","rand(2,8)","0","0",""
"9","6","기타","규칙찾기","{A+B*4}, {A+B*3}, {A+B*2}, [ ? ]","A+B","A","rand(1,15)","rand(2,7)","0","0",""
"9","6","기타","규칙찾기","{A}, {A*2}, {A*4}, {A*8}, [ ? ]","A*16","A*12","rand(2,6)","0","0","0",""
"9","6","기타","규칙찾기","{A}, {A*3}, {A*9}, [ ? ]","A*27","A*18","rand(1,4)","0","0","0",""
"9","6","기타","규칙찾기","{A*A}, {(A+1)*(A+1)}, {(A+2)*(A+2)}, {(A+3)*(A+3)}, [ ? ] (제곱수)","(A+4)*(A+4)","(A+4)*(A+4)+2","rand(1,10)","0","0","0",""
"9","6","기타","규칙찾기","{(A+4)*(A+4)}, {(A+3)*(A+3)}, {(A+2)*(A+2)}, [ ? ] (제곱수 감소)","(A+1)*(A+1)","(A+1)*(A+1)+2","rand(1,10)","0","0","0",""
"9","6","기타","규칙찾기","피보나치: {A}, {B}, {A+B}, {A+B*2}, {A*2+B*3}, [ ? ]","(A*3+B*5)","(A*3+B*5)+2","rand(1,6)","rand(1,6)","0","0",""
"9","6","기타","규칙찾기","{A}, {A+B}, {A+B*2}, {A+B*3}, {A+B*4}, [ ? ] (등차수열)","A+B*5","A+B*5+1","rand(1,30)","rand(2,10)","0","0",""
"9","6","기타","규칙찾기","{A*B}, {A*(B+1)}, {A*(B+2)}, {A*(B+3)}, [ ? ] (배수)","A*(B+4)","A*(B+4)+2","rand(3,9)","rand(1,8)","0","0",""
"9","6","기타","규칙찾기","{A}, {A+1}, {A+3}, {A+6}, {A+10}, [ ? ] (+1,+2,+3,+4...)","A+15","A+16","rand(1,20)","0","0","0",""
"9","6","기타","규칙찾기","{A}, {A+2}, {A+6}, {A+12}, {A+20}, [ ? ] (+2,+4,+6,+8...)","A+30","A+32","rand(1,20)","0","0","0",""
"9","6","기타","규칙찾기","{A}, {A+3}, {A+1}, {A+4}, {A+2}, [ ? ]","A+5","A+4","rand(2,15)","0","0","0",""
"9","6","기타","규칙찾기","{A}, {A*2+1}, {(A*2+1)*2+1}, [ ? ] (×2+1)","((A*2+1)*2+1)*2+1","((A*2+1)*2+1)*2+2","rand(1,6)","0","0","0",""
"9","6","기타","규칙찾기","{A}, {A*2-1}, {(A*2-1)*2-1}, [ ? ] (×2-1)","((A*2-1)*2-1)*2-1","((A*2-1)*2-1)*2","rand(2,6)","0","0","0",""
"9","6","기타","규칙찾기","{A+B*5}, {A+B*4}, {A+B*3}, {A+B*2}, [ ? ] (등차감소)","A+B","A","rand(1,20)","rand(2,9)","0","0",""
"9","6","기타","규칙찾기","{A}, {A+3}, {A+1}, {A+4}, {A+2}, [ ? ] (+3, -2 반복)","A+5","A+4","rand(2,25)","0","0","0",""
"9","7","기타","수배열","(1➔{B}), (2➔{B*2}), (3➔{B*3}), (4➔?)","B*4","B*4+2","0","rand(2,15)","0","0",""
"9","7","기타","수배열","(1➔{B+1}), (2➔{B*2+1}), (3➔{B*3+1}), (4➔?)","B*4+1","B*4","0","rand(2,8)","0","0",""
"9","7","기타","수배열","(1➔{B*2}), (2➔{B*4}), (3➔{B*8}), (4➔?)","B*16","B*12","0","rand(1,5)","0","0",""
"9","7","기타","수배열","(1➔{A*A}), (2➔{(A+1)*(A+1)}), (3➔{(A+2)*(A+2)}), (4➔?)","(A+3)*(A+3)","(A+3)*(A+3)+2","rand(1,8)","0","0","0",""
"9","7","기타","수배열","마방진: 세 수의 합이 {A+B+C}! [ {A}, ?, {C} ] ?는?","B","B+1","rand(1,20)","rand(1,20)","rand(1,20)","0",""
"9","7","기타","수배열","마방진: 세 수의 합이 {A+B+C}! [ ?, {B}, {C} ] ?는?","A","A+1","rand(1,20)","rand(1,20)","rand(1,20)","0",""
"9","7","기타","수배열","마방진: 세 수의 합이 {A+B+C}! [ {A}, {B}, ? ] ?는?","C","C+1","rand(1,20)","rand(1,20)","rand(1,20)","0",""
"9","7","기타","수배열","마방진: 세 수의 합이 {A*3}! 한 가운데 수가 {A}일 때 양쪽 수 합은?","A*2","A*2+1","rand(3,15)","0","0","0",""
"9","7","기타","수배열","마방진: 세 수의 합이 {A+B+C}! [ {A}, ?, {B} ] ?는?","C","C+2","rand(2,18)","rand(2,18)","rand(2,18)","0",""
"9","7","기타","수배열","마방진: 세 수의 합이 {A+B+C}! [ {B}, {C}, ? ] ?는?","A","A+2","rand(2,18)","rand(2,18)","rand(2,18)","0",""
"9","7","기타","수배열","두 수의 합={A+B}, 차={A-B} 일 때 큰 수(A)는?","A","B","rand(13,25)","rand(2,11)","0","0",""
"9","7","기타","수배열","두 수의 합={A+B}, 차={A-B} 일 때 작은 수(B)는?","B","A","rand(13,25)","rand(2,11)","0","0",""
"9","7","기타","수배열","두 수의 합={A+B}, 곱={A*B} 일 때 큰 수(A)는?","A","B","rand(9,18)","rand(2,7)","0","0",""
"9","7","기타","수배열","{A}/{A+1}, {A+1}/{A+2}, {A+2}/{A+3}, [ ? ]","(A+3)+'/'+(A+4)","(A+3)+'/'+(A+5)","rand(1,15)","0","0","0",""
"9","7","기타","수배열","{A}/{A+2}, {A+1}/{A+3}, {A+2}/{A+4}, [ ? ]","(A+3)+'/'+(A+5)","(A+3)+'/'+(A+6)","rand(1,15)","0","0","0",""
"9","7","기타","수배열","{A}/{A*2}, {A+1}/{(A+1)*2}, {A+2}/{(A+2)*2}, [ ? ]","(A+3)+'/'+((A+3)*2)","(A+3)+'/'+((A+3)*2+1)","rand(1,10)","0","0","0",""